x,z,rx,ry,rz,ra,left_hip_pitch_joint,left_hip_roll_joint,left_hip_yaw_joint,left_knee_joint,left_ankle_pitch_joint,left_ankle_roll_joint,right_hip_pitch_joint,right_hip_roll_joint,right_hip_yaw_joint,right_knee_joint,right_ankle_pitch_joint,right_ankle_roll_joint,waist_yaw_joint,left_shoulder_pitch_joint,left_shoulder_roll_joint,left_shoulder_yaw_joint,left_elbow_joint,left_wrist_roll_joint,right_shoulder_pitch_joint,right_shoulder_roll_joint,right_shoulder_yaw_joint,right_elbow_joint,right_wrist_roll_joint
0.00000,0.76881,0.00000,0.00000,0.00000,0.00000,-0.33000,0.00000,0.00000,0.55000,-0.20000,0.00000,-0.33000,0.00000,0.00000,0.55000,-0.20000,0.00000,0.00000,0.00000,0.15000,0.00000,0.00000,0.00000,0.00000,-0.15000,0.00000,0.00000,0.00000
0.00000,0.76881,0.00000,0.00000,0.00000,0.00000,-0.33000,0.00000,0.00000,0.55000,-0.20000,0.00000,-0.33000,0.00000,0.00000,0.55000,-0.20000,0.00000,0.00000,0.00000,0.15000,0.00000,0.00000,0.00000,0.00000,-0.15000,0.00000,0.00000,0.00000
0.00000,0.76881,0.00000,0.00000,0.00000,0.00000,-0.33000,0.00000,0.00000,0.55000,-0.20000,0.00000,-0.33000,0.00000,0.00000,0.55000,-0.20000,0.00000,0.00000,0.00000,0.15000,0.00000,0.00000,0.00000,0.00000,-0.15000,0.00000,0.00000,0.00000
0.00000,0.76881,0.00000,0.00000,0.00000,0.00000,-0.33000,0.00000,0.00000,0.55000,-0.20000,0.00000,-0.33000,0.00000,0.00000,0.55000,-0.20000,0.00000,0.00000,0.00000,0.15000,0.00000,0.00000,0.00000,0.00000,-0.15000,0.00000,0.00000,0.00000
0.00000,0.76881,0.00000,0.00000,0.00000,0.00000,-0.33000,0.00000,0.00000,0.55000,-0.20000,0.00000,-0.33000,0.00000,0.00000,0.55000,-0.20000,0.00000,0.00000,0.00000,0.15000,0.00000,0.00000,0.00000,0.00000,-0.15000,0.00000,0.00000,0.00000
0.00000,0.76881,0.00000,0.00000,0.00000,0.00000,-0.33000,0.00000,0.00000,0.55000,-0.20000,0.00000,-0.33000,0.00000,0.00000,0.55000,-0.20000,0.00000,0.00000,0.00000,0.15000,0.00000,0.00000,0.00000,0.00000,-0.15000,0.00000,0.00000,0.00000
0.00000,0.76881,0.00000,0.00000,0.00000,0.00000,-0.33000,0.00000,0.00000,0.55000,-0.20000,0.00000,-0.33000,0.00000,0.00000,0.55000,-0.20000,0.00000,0.00000,0.00000,0.15000,0.00000,0.00000,0.00000,0.00000,-0.15000,0.00000,0.00000,0.00000
0.00000,0.76881,0.00000,0.00000,0.00000,0.00000,-0.33000,0.00000,0.00000,0.55000,-0.20000,0.00000,-0.33000,0.00000,0.00000,0.55000,-0.20000,0.00000,0.00000,0.00000,0.15000,0.00000,0.00000,0.00000,0.00000,-0.15000,0.00000,0.00000,0.00000
0.00000,0.76881,0.00000,0.00000,0.00000,0.00000,-0.33000,0.00000,0.00000,0.55000,-0.20000,0.00000,-0.33000,0.00000,0.00000,0.55000,-0.20000,0.00000,0.00000,0.00000,0.15000,0.00000,0.00000,0.00000,0.00000,-0.15000,0.00000,0.00000,0.00000
0.00000,0.76881,0.00000,0.00000,0.00000,0.00000,-0.33000,0.00000,0.00000,0.55000,-0.20000,0.00000,-0.33000,0.00000,0.00000,0.55000,-0.20000,0.00000,0.00000,0.00000,0.15000,0.00000,0.00000,0.00000,0.00000,-0.15000,0.00000,0.00000,0.00000
0.00000,0.76881,0.00000,0.00000,0.00000,0.00000,-0.33000,0.00000,0.00000,0.55000,-0.20000,0.00000,-0.33000,0.00000,0.00000,0.55000,-0.20000,0.00000,0.00000,0.00000,0.15000,0.00000,0.00000,0.00000,0.00000,-0.15000,0.00000,0.00000,0.00000
0.00000,0.76881,0.00000,0.00000,0.00000,0.00000,-0.33000,0.00000,0.00000,0.55000,-0.20000,0.00000,-0.33000,0.00000,0.00000,0.55000,-0.20000,0.00000,0.00000,0.00000,0.15000,0.00000,0.00000,0.00000,0.00000,-0.15000,0.00000,0.00000,0.00000
0.00000,0.76881,0.00000,0.00000,0.00000,0.00000,-0.33000,0.00000,0.00000,0.55000,-0.20000,0.00000,-0.33000,0.00000,0.00000,0.55000,-0.20000,0.00000,0.00000,0.00000,0.15000,0.00000,0.00000,0.00000,0.00000,-0.15000,0.00000,0.00000,0.00000
0.00000,0.76881,0.00000,0.00000,0.00000,0.00000,-0.33000,0.00000,0.00000,0.55000,-0.20000,0.00000,-0.33000,0.00000,0.00000,0.55000,-0.20000,0.00000,0.00000,0.00000,0.15000,0.00000,0.00000,0.00000,0.00000,-0.15000,0.00000,0.00000,0.00000
0.00000,0.76881,0.00000,0.00000,0.00000,0.00000,-0.33000,0.00000,0.00000,0.55000,-0.20000,0.00000,-0.33000,0.00000,0.00000,0.55000,-0.20000,0.00000,0.00000,0.00000,0.15000,0.00000,0.00000,0.00000,0.00000,-0.15000,0.00000,0.00000,0.00000
0.00000,0.76881,0.00000,0.00000,0.00000,0.00000,-0.33000,0.00000,0.00000,0.55000,-0.20000,0.00000,-0.33000,0.00000,0.00000,0.55000,-0.20000,0.00000,0.00000,0.00000,0.15000,0.00000,0.00000,0.00000,0.00000,-0.15000,0.00000,0.00000,0.00000
0.00000,0.76881,0.00000,0.00000,0.00000,0.00000,-0.33000,0.00000,0.00000,0.55000,-0.20000,0.00000,-0.33000,0.00000,0.00000,0.55000,-0.20000,0.00000,0.00000,0.00000,0.15000,0.00000,0.00000,0.00000,0.00000,-0.15000,0.00000,0.00000,0.00000
0.00000,0.76881,0.00000,0.00000,0.00000,0.00000,-0.33000,0.00000,0.00000,0.55000,-0.20000,0.00000,-0.33000,0.00000,0.00000,0.55000,-0.20000,0.00000,0.00000,0.00000,0.15000,0.00000,0.00000,0.00000,0.00000,-0.15000,0.00000,0.00000,0.00000
0.00000,0.76881,0.00000,0.00000,0.00000,0.00000,-0.33000,0.00000,0.00000,0.55000,-0.20000,0.00000,-0.33000,0.00000,0.00000,0.55000,-0.20000,0.00000,0.00000,0.00000,0.15000,0.00000,0.00000,0.00000,0.00000,-0.15000,0.00000,0.00000,0.00000
0.00000,0.76881,0.00000,0.00000,0.00000,0.00000,-0.33000,0.00000,0.00000,0.55000,-0.20000,0.00000,-0.33000,0.00000,0.00000,0.55000,-0.20000,0.00000,0.00000,0.00000,0.15000,0.00000,0.00000,0.00000,0.00000,-0.15000,0.00000,0.00000,0.00000
0.00000,0.76881,0.00000,0.00000,0.00000,0.00000,-0.33000,0.00000,0.00000,0.55000,-0.20000,0.00000,-0.33000,0.00000,0.00000,0.55000,-0.20000,0.00000,0.00000,0.00000,0.15000,0.00000,0.00000,0.00000,0.00000,-0.15000,0.00000,0.00000,0.00000
0.00000,0.76881,0.00000,0.00000,0.00000,0.00000,-0.33000,0.00000,0.00000,0.55000,-0.20000,0.00000,-0.33000,0.00000,0.00000,0.55000,-0.20000,0.00000,0.00000,0.00000,0.15000,0.00000,0.00000,0.00000,0.00000,-0.15000,0.00000,0.00000,0.00000
0.00000,0.76881,0.00000,0.00000,0.00000,0.00000,-0.33000,0.00000,0.00000,0.55000,-0.20000,0.00000,-0.33000,0.00000,0.00000,0.55000,-0.20000,0.00000,0.00000,0.00000,0.15000,0.00000,0.00000,0.00000,0.00000,-0.15000,0.00000,0.00000,0.00000
0.00000,0.76881,0.00000,0.00000,0.00000,0.00000,-0.33000,0.00000,0.00000,0.55000,-0.20000,0.00000,-0.33000,0.00000,0.00000,0.55000,-0.20000,0.00000,0.00000,0.00000,0.15000,0.00000,0.00000,0.00000,0.00000,-0.15000,0.00000,0.00000,0.00000
0.00000,0.76881,0.00000,0.00000,0.00000,0.00000,-0.33000,0.00000,0.00000,0.55000,-0.20000,0.00000,-0.33000,0.00000,0.00000,0.55000,-0.20000,0.00000,0.00000,0.00000,0.15000,0.00000,0.00000,0.00000,0.00000,-0.15000,0.00000,0.00000,0.00000
0.00000,0.76881,0.00000,0.00000,0.00000,0.00000,-0.33000,0.00000,0.00000,0.55000,-0.20000,0.00000,-0.33000,0.00000,0.00000,0.55000,-0.20000,0.00000,0.00000,0.00000,0.15000,0.00000,0.00000,0.00000,0.00000,-0.15000,0.00000,0.00000,0.00000
0.00000,0.76881,0.00000,0.00000,0.00000,0.00000,-0.33000,0.00000,0.00000,0.55000,-0.20000,0.00000,-0.33000,0.00000,0.00000,0.55000,-0.20000,0.00000,0.00000,0.00000,0.15000,0.00000,0.00000,0.00000,0.00000,-0.15000,0.00000,0.00000,0.00000
0.00000,0.76881,0.00000,0.00000,0.00000,0.00000,-0.33000,0.00000,0.00000,0.55000,-0.20000,0.00000,-0.33000,0.00000,0.00000,0.55000,-0.20000,0.00000,0.00000,0.00000,0.15000,0.00000,0.00000,0.00000,0.00000,-0.15000,0.00000,0.00000,0.00000
0.00000,0.76881,0.00000,0.00000,0.00000,0.00000,-0.33000,0.00000,0.00000,0.55000,-0.20000,0.00000,-0.33000,0.00000,0.00000,0.55000,-0.20000,0.00000,0.00000,0.00000,0.15000,0.00000,0.00000,0.00000,0.00000,-0.15000,0.00000,0.00000,0.00000
0.00000,0.76881,0.00000,0.00000,0.00000,0.00000,-0.33000,0.00000,0.00000,0.55000,-0.20000,0.00000,-0.33000,0.00000,0.00000,0.55000,-0.20000,0.00000,0.00000,0.00000,0.15000,0.00000,0.00000,0.00000,0.00000,-0.15000,0.00000,0.00000,0.00000
0.00000,0.76881,0.00000,0.00000,0.00000,0.00000,-0.33000,0.00000,0.00000,0.55000,-0.20000,0.00000,-0.33000,0.00000,0.00000,0.55000,-0.20000,0.00000,0.00000,0.00000,0.15000,0.00000,0.00000,0.00000,0.00000,-0.15000,0.00000,0.00000,0.00000
0.00000,0.76881,0.00000,0.00000,0.00000,0.00000,-0.33000,0.00000,0.00000,0.55000,-0.20000,0.00000,-0.33000,0.00000,0.00000,0.55000,-0.20000,0.00000,0.00000,0.00000,0.15000,0.00000,0.00000,0.00000,0.00000,-0.15000,0.00000,0.00000,0.00000
0.00000,0.76881,0.00000,0.00000,0.00000,0.00000,-0.33000,0.00000,0.00000,0.55000,-0.20000,0.00000,-0.33000,0.00000,0.00000,0.55000,-0.20000,0.00000,0.00000,0.00000,0.15000,0.00000,0.00000,0.00000,0.00000,-0.15000,0.00000,0.00000,0.00000
0.00000,0.76881,0.00000,0.00000,0.00000,0.00000,-0.33000,0.00000,0.00000,0.55000,-0.20000,0.00000,-0.33000,0.00000,0.00000,0.55000,-0.20000,0.00000,0.00000,0.00000,0.15000,0.00000,0.00000,0.00000,0.00000,-0.15000,0.00000,0.00000,0.00000
0.00000,0.76881,0.00000,0.00000,0.00000,0.00000,-0.33000,0.00000,0.00000,0.55000,-0.20000,0.00000,-0.33000,0.00000,0.00000,0.55000,-0.20000,0.00000,0.00000,0.00000,0.15000,0.00000,0.00000,0.00000,0.00000,-0.15000,0.00000,0.00000,0.00000
0.00000,0.76881,0.00000,0.00000,0.00000,0.00000,-0.33000,0.00000,0.00000,0.55000,-0.20000,0.00000,-0.33000,0.00000,0.00000,0.55000,-0.20000,0.00000,0.00000,0.00000,0.15000,0.00000,0.00000,0.00000,0.00000,-0.15000,0.00000,0.00000,0.00000
0.00000,0.76881,0.00000,0.00000,0.00000,0.00000,-0.33000,0.00000,0.00000,0.55000,-0.20000,0.00000,-0.33000,0.00000,0.00000,0.55000,-0.20000,0.00000,0.00000,0.00000,0.15000,0.00000,0.00000,0.00000,0.00000,-0.15000,0.00000,0.00000,0.00000
0.00000,0.76881,0.00000,0.00000,0.00000,0.00000,-0.33000,0.00000,0.00000,0.55000,-0.20000,0.00000,-0.33000,0.00000,0.00000,0.55000,-0.20000,0.00000,0.00000,0.00000,0.15000,0.00000,0.00000,0.00000,0.00000,-0.15000,0.00000,0.00000,0.00000
0.00000,0.76881,0.00000,0.00000,0.00000,0.00000,-0.33000,0.00000,0.00000,0.55000,-0.20000,0.00000,-0.33000,0.00000,0.00000,0.55000,-0.20000,0.00000,0.00000,0.00000,0.15000,0.00000,0.00000,0.00000,0.00000,-0.15000,0.00000,0.00000,0.00000
0.00000,0.76881,0.00000,0.00000,0.00000,0.00000,-0.33000,0.00000,0.00000,0.55000,-0.20000,0.00000,-0.33000,0.00000,0.00000,0.55000,-0.20000,0.00000,0.00000,0.00000,0.15000,0.00000,0.00000,0.00000,0.00000,-0.15000,0.00000,0.00000,0.00000
0.00000,0.76881,0.00000,0.00000,0.00000,0.00000,-0.33000,0.00000,0.00000,0.55000,-0.20000,0.00000,-0.33000,0.00000,0.00000,0.55000,-0.20000,0.00000,0.00000,0.00000,0.15000,0.00000,0.00000,0.00000,0.00000,-0.15000,0.00000,0.00000,0.00000
0.00000,0.76881,0.00000,0.00000,0.00000,0.00000,-0.33000,0.00000,0.00000,0.55000,-0.20000,0.00000,-0.33000,0.00000,0.00000,0.55000,-0.20000,0.00000,0.00000,0.00000,0.15000,0.00000,0.00000,0.00000,0.00000,-0.15000,0.00000,0.00000,0.00000
0.00000,0.76881,0.00000,0.00000,0.00000,0.00000,-0.33000,0.00000,0.00000,0.55000,-0.20000,0.00000,-0.33000,0.00000,0.00000,0.55000,-0.20000,0.00000,0.00000,0.00000,0.15000,0.00000,0.00000,0.00000,0.00000,-0.15000,0.00000,0.00000,0.00000
0.00000,0.76881,0.00000,0.00000,0.00000,0.00000,-0.33000,0.00000,0.00000,0.55000,-0.20000,0.00000,-0.33000,0.00000,0.00000,0.55000,-0.20000,0.00000,0.00000,0.00000,0.15000,0.00000,0.00000,0.00000,0.00000,-0.15000,0.00000,0.00000,0.00000
0.00000,0.76881,0.00000,0.00000,0.00000,0.00000,-0.33000,0.00000,0.00000,0.55000,-0.20000,0.00000,-0.33000,0.00000,0.00000,0.55000,-0.20000,0.00000,0.00000,0.00000,0.15000,0.00000,0.00000,0.00000,0.00000,-0.15000,0.00000,0.00000,0.00000
0.00000,0.76881,0.00000,0.00000,0.00000,0.00000,-0.33000,0.00000,0.00000,0.55000,-0.20000,0.00000,-0.33000,0.00000,0.00000,0.55000,-0.20000,0.00000,0.00000,0.00000,0.15000,0.00000,0.00000,0.00000,0.00000,-0.15000,0.00000,0.00000,0.00000
0.00000,0.76881,0.00000,0.00000,0.00000,0.00000,-0.33000,0.00000,0.00000,0.55000,-0.20000,0.00000,-0.33000,0.00000,0.00000,0.55000,-0.20000,0.00000,0.00000,0.00000,0.15000,0.00000,0.00000,0.00000,0.00000,-0.15000,0.00000,0.00000,0.00000
0.00000,0.76881,0.00000,0.00000,0.00000,0.00000,-0.33000,0.00000,0.00000,0.55000,-0.20000,0.00000,-0.33000,0.00000,0.00000,0.55000,-0.20000,0.00000,0.00000,0.00000,0.15000,0.00000,0.00000,0.00000,0.00000,-0.15000,0.00000,0.00000,0.00000
0.00000,0.76881,0.00000,0.00000,0.00000,0.00000,-0.33000,0.00000,0.00000,0.55000,-0.20000,0.00000,-0.33000,0.00000,0.00000,0.55000,-0.20000,0.00000,0.00000,0.00000,0.15000,0.00000,0.00000,0.00000,0.00000,-0.15000,0.00000,0.00000,0.00000
0.00000,0.76881,0.00000,0.00000,0.00000,0.00000,-0.33000,0.00000,0.00000,0.55000,-0.20000,0.00000,-0.33000,0.00000,0.00000,0.55000,-0.20000,0.00000,0.00000,0.00000,0.15000,0.00000,0.00000,0.00000,0.00000,-0.15000,0.00000,0.00000,0.00000
0.00000,0.76881,0.00000,0.00000,0.00000,0.00000,-0.33000,0.00000,0.00000,0.55000,-0.20000,0.00000,-0.33000,0.00000,0.00000,0.55000,-0.20000,0.00000,0.00000,0.00000,0.15000,0.00000,0.00000,0.00000,0.00000,-0.15000,0.00000,0.00000,0.00000
0.00000,0.76881,0.00000,0.00000,0.00000,0.00000,-0.33000,0.00000,0.00000,0.55000,-0.20000,0.00000,-0.33000,0.00000,0.00000,0.55000,-0.20000,0.00000,0.00000,0.00000,0.15000,0.00000,0.00000,0.00000,0.00000,-0.15000,0.00000,0.00000,0.00000
0.00000,0.76881,0.00000,0.00000,0.00000,0.00000,-0.33000,0.00000,0.00000,0.55000,-0.20000,0.00000,-0.33000,0.00000,0.00000,0.55000,-0.20000,0.00000,0.00000,0.00000,0.15000,0.00000,0.00000,0.00000,0.00000,-0.15000,0.00000,0.00000,0.00000
0.00000,0.76881,0.00000,0.00000,0.00000,0.00000,-0.33000,0.00000,0.00000,0.55000,-0.20000,0.00000,-0.33000,0.00000,0.00000,0.55000,-0.20000,0.00000,0.00000,0.00000,0.15000,0.00000,0.00000,0.00000,0.00000,-0.15000,0.00000,0.00000,0.00000
0.00000,0.76881,0.00000,0.00000,0.00000,0.00000,-0.33000,0.00000,0.00000,0.55000,-0.20000,0.00000,-0.33000,0.00000,0.00000,0.55000,-0.20000,0.00000,0.00000,0.00000,0.15000,0.00000,0.00000,0.00000,0.00000,-0.15000,0.00000,0.00000,0.00000
0.00000,0.76881,0.00000,0.00000,0.00000,0.00000,-0.33000,0.00000,0.00000,0.55000,-0.20000,0.00000,-0.33000,0.00000,0.00000,0.55000,-0.20000,0.00000,0.00000,0.00000,0.15000,0.00000,0.00000,0.00000,0.00000,-0.15000,0.00000,0.00000,0.00000
0.00000,0.76881,0.00000,0.00000,0.00000,0.00000,-0.33000,0.00000,0.00000,0.55000,-0.20000,0.00000,-0.33000,0.00000,0.00000,0.55000,-0.20000,0.00000,0.00000,0.00000,0.15000,0.00000,0.00000,0.00000,0.00000,-0.15000,0.00000,0.00000,0.00000
0.00000,0.76881,0.00000,0.00000,0.00000,0.00000,-0.33000,0.00000,0.00000,0.55000,-0.20000,0.00000,-0.33000,0.00000,0.00000,0.55000,-0.20000,0.00000,0.00000,0.00000,0.15000,0.00000,0.00000,0.00000,0.00000,-0.15000,0.00000,0.00000,0.00000
0.00000,0.76881,0.00000,0.00000,0.00000,0.00000,-0.33000,0.00000,0.00000,0.55000,-0.20000,0.00000,-0.33000,0.00000,0.00000,0.55000,-0.20000,0.00000,0.00000,0.00000,0.15000,0.00000,0.00000,0.00000,0.00000,-0.15000,0.00000,0.00000,0.00000
0.00000,0.76881,0.00000,0.00000,0.00000,0.00000,-0.33000,0.00000,0.00000,0.55000,-0.20000,0.00000,-0.33000,0.00000,0.00000,0.55000,-0.20000,0.00000,0.00000,0.00000,0.15000,0.00000,0.00000,0.00000,0.00000,-0.15000,0.00000,0.00000,0.00000
0.00000,0.76881,0.00000,0.00000,0.00000,0.00000,-0.33000,0.00000,0.00000,0.55000,-0.20000,0.00000,-0.33000,0.00000,0.00000,0.55000,-0.20000,0.00000,0.00000,0.00000,0.15000,0.00000,0.00000,0.00000,0.00000,-0.15000,0.00000,0.00000,0.00000
0.00000,0.76881,0.00000,0.00000,0.00000,0.00000,-0.33000,0.00000,0.00000,0.55000,-0.20000,0.00000,-0.33000,0.00000,0.00000,0.55000,-0.20000,0.00000,0.00000,0.00000,0.15000,0.00000,0.00000,0.00000,0.00000,-0.15000,0.00000,0.00000,0.00000
0.00000,0.76881,0.00000,0.00000,0.00000,0.00000,-0.33000,0.00000,0.00000,0.55000,-0.20000,0.00000,-0.33000,0.00000,0.00000,0.55000,-0.20000,0.00000,0.00000,0.00000,0.15000,0.00000,0.00000,0.00000,0.00000,-0.15000,0.00000,0.00000,0.00000
0.00000,0.76881,0.00000,0.00000,0.00000,0.00000,-0.33000,0.00000,0.00000,0.55000,-0.20000,0.00000,-0.33000,0.00000,0.00000,0.55000,-0.20000,0.00000,0.00000,0.00000,0.15000,0.00000,0.00000,0.00000,-0.00077,-0.15008,0.00000,0.00050,0.00000
0.00000,0.76881,0.00000,0.00000,0.00000,0.00000,-0.33000,0.00000,0.00000,0.55000,-0.20000,0.00000,-0.33000,0.00000,0.00000,0.55000,-0.20000,0.00000,0.00000,0.00000,0.15000,0.00000,0.00000,0.00000,-0.00677,-0.15070,0.00000,0.00444,0.00000
0.00000,0.76881,0.00000,0.00000,0.00000,0.00000,-0.33000,0.00000,0.00000,0.55000,-0.20000,0.00000,-0.33000,0.00000,0.00000,0.55000,-0.20000,0.00000,0.00000,0.00000,0.15000,0.00000,0.00000,0.00000,-0.01847,-0.15191,0.00000,0.01210,0.00000
0.00000,0.76881,0.00000,0.00000,0.00000,0.00000,-0.33000,0.00000,0.00000,0.55000,-0.20000,0.00000,-0.33000,0.00000,0.00000,0.55000,-0.20000,0.00000,0.00000,0.00000,0.15000,0.00000,0.00000,0.00000,-0.03554,-0.15368,0.00000,0.02328,0.00000
0.00000,0.76881,0.00000,0.00000,0.00000,0.00000,-0.33000,0.00000,0.00000,0.55000,-0.20000,0.00000,-0.33000,0.00000,0.00000,0.55000,-0.20000,0.00000,0.00000,0.00000,0.15000,0.00000,0.00000,0.00000,-0.05763,-0.15596,0.00000,0.03776,0.00000
0.00000,0.76881,0.00000,0.00000,0.00000,0.00000,-0.33000,0.00000,0.00000,0.55000,-0.20000,0.00000,-0.33000,0.00000,0.00000,0.55000,-0.20000,0.00000,0.00000,0.00000,0.15000,0.00000,0.00000,0.00000,-0.08442,-0.15873,0.00000,0.05531,0.00000
0.00000,0.76881,0.00000,0.00000,0.00000,0.00000,-0.33000,0.00000,0.00000,0.55000,-0.20000,0.00000,-0.33000,0.00000,0.00000,0.55000,-0.20000,0.00000,0.00000,0.00000,0.15000,0.00000,0.00000,0.00000,-0.11559,-0.16196,0.00000,0.07573,0.00000
0.00000,0.76881,0.00000,0.00000,0.00000,0.00000,-0.33000,0.00000,0.00000,0.55000,-0.20000,0.00000,-0.33000,0.00000,0.00000,0.55000,-0.20000,0.00000,0.00000,0.00000,0.15000,0.00000,0.00000,0.00000,-0.15080,-0.16560,0.00000,0.09880,0.00000
0.00000,0.76881,0.00000,0.00000,0.00000,0.00000,-0.33000,0.00000,0.00000,0.55000,-0.20000,0.00000,-0.33000,0.00000,0.00000,0.55000,-0.20000,0.00000,0.00000,0.00000,0.15000,0.00000,0.00000,0.00000,-0.18972,-0.16963,0.00000,0.12430,0.00000
0.00000,0.76881,0.00000,0.00000,0.00000,0.00000,-0.33000,0.00000,0.00000,0.55000,-0.20000,0.00000,-0.33000,0.00000,0.00000,0.55000,-0.20000,0.00000,0.00000,0.00000,0.15000,0.00000,0.00000,0.00000,-0.23202,-0.17400,0.00000,0.15202,0.00000
0.00000,0.76881,0.00000,0.00000,0.00000,0.00000,-0.33000,0.00000,0.00000,0.55000,-0.20000,0.00000,-0.33000,0.00000,0.00000,0.55000,-0.20000,0.00000,0.00000,0.00000,0.15000,0.00000,0.00000,0.00000,-0.27738,-0.17869,0.00000,0.18173,0.00000
0.00000,0.76881,0.00000,0.00000,0.00000,0.00000,-0.33000,0.00000,0.00000,0.55000,-0.20000,0.00000,-0.33000,0.00000,0.00000,0.55000,-0.20000,0.00000,0.00000,0.00000,0.15000,0.00000,0.00000,0.00000,-0.32546,-0.18367,0.00000,0.21323,0.00000
0.00000,0.76881,0.00000,0.00000,0.00000,0.00000,-0.33000,0.00000,0.00000,0.55000,-0.20000,0.00000,-0.33000,0.00000,0.00000,0.55000,-0.20000,0.00000,0.00000,0.00000,0.15000,0.00000,0.00000,0.00000,-0.37593,-0.18889,0.00000,0.24630,0.00000
0.00000,0.76881,0.00000,0.00000,0.00000,0.00000,-0.33000,0.00000,0.00000,0.55000,-0.20000,0.00000,-0.33000,0.00000,0.00000,0.55000,-0.20000,0.00000,0.00000,0.00000,0.15000,0.00000,0.00000,0.00000,-0.42846,-0.19432,0.00000,0.28071,0.00000
0.00000,0.76881,0.00000,0.00000,0.00000,0.00000,-0.33000,0.00000,0.00000,0.55000,-0.20000,0.00000,-0.33000,0.00000,0.00000,0.55000,-0.20000,0.00000,0.00000,0.00000,0.15000,0.00000,0.00000,0.00000,-0.48272,-0.19994,0.00000,0.31627,0.00000
0.00000,0.76881,0.00000,0.00000,0.00000,0.00000,-0.33000,0.00000,0.00000,0.55000,-0.20000,0.00000,-0.33000,0.00000,0.00000,0.55000,-0.20000,0.00000,0.00000,0.00000,0.15000,0.00000,0.00000,0.00000,-0.53839,-0.20570,0.00000,0.35274,0.00000
0.00000,0.76881,0.00000,0.00000,0.00000,0.00000,-0.33000,0.00000,0.00000,0.55000,-0.20000,0.00000,-0.33000,0.00000,0.00000,0.55000,-0.20000,0.00000,0.00000,0.00000,0.15000,0.00000,0.00000,0.00000,-0.59513,-0.21156,0.00000,0.38991,0.00000
0.00000,0.76881,0.00000,0.00000,0.00000,0.00000,-0.33000,0.00000,0.00000,0.55000,-0.20000,0.00000,-0.33000,0.00000,0.00000,0.55000,-0.20000,0.00000,0.00000,0.00000,0.15000,0.00000,0.00000,0.00000,-0.65261,-0.21751,0.00000,0.42757,0.00000
0.00000,0.76881,0.00000,0.00000,0.00000,0.00000,-0.33000,0.00000,0.00000,0.55000,-0.20000,0.00000,-0.33000,0.00000,0.00000,0.55000,-0.20000,0.00000,0.00000,0.00000,0.15000,0.00000,0.00000,0.00000,-0.71050,-0.22350,0.00000,0.46550,0.00000
0.00000,0.76881,0.00000,0.00000,0.00000,0.00000,-0.33000,0.00000,0.00000,0.55000,-0.20000,0.00000,-0.33000,0.00000,0.00000,0.55000,-0.20000,0.00000,0.00000,0.00000,0.15000,0.00000,0.00000,0.00000,-0.76848,-0.22950,0.00000,0.50348,0.00000
0.00000,0.76881,0.00000,0.00000,0.00000,0.00000,-0.33000,0.00000,0.00000,0.55000,-0.20000,0.00000,-0.33000,0.00000,0.00000,0.55000,-0.20000,0.00000,0.00000,0.00000,0.15000,0.00000,0.00000,0.00000,-0.82621,-0.23547,0.00000,0.54131,0.00000
0.00000,0.76881,0.00000,0.00000,0.00000,0.00000,-0.33000,0.00000,0.00000,0.55000,-0.20000,0.00000,-0.33000,0.00000,0.00000,0.55000,-0.20000,0.00000,0.00000,0.00000,0.15000,0.00000,0.00000,0.00000,-0.88336,-0.24138,0.00000,0.57875,0.00000
0.00000,0.76881,0.00000,0.00000,0.00000,0.00000,-0.33000,0.00000,0.00000,0.55000,-0.20000,0.00000,-0.33000,0.00000,0.00000,0.55000,-0.20000,0.00000,0.00000,0.00000,0.15000,0.00000,0.00000,0.00000,-0.93960,-0.24720,0.00000,0.61560,0.00000
0.00000,0.76881,0.00000,0.00000,0.00000,0.00000,-0.33000,0.00000,0.00000,0.55000,-0.20000,0.00000,-0.33000,0.00000,0.00000,0.55000,-0.20000,0.00000,0.00000,0.00000,0.15000,0.00000,0.00000,0.00000,-0.99461,-0.25289,0.00000,0.65164,0.00000
0.00000,0.76881,0.00000,0.00000,0.00000,0.00000,-0.33000,0.00000,0.00000,0.55000,-0.20000,0.00000,-0.33000,0.00000,0.00000,0.55000,-0.20000,0.00000,0.00000,0.00000,0.15000,0.00000,0.00000,0.00000,-1.04805,-0.25842,0.00000,0.68665,0.00000
0.00000,0.76881,0.00000,0.00000,0.00000,0.00000,-0.33000,0.00000,0.00000,0.55000,-0.20000,0.00000,-0.33000,0.00000,0.00000,0.55000,-0.20000,0.00000,0.00000,0.00000,0.15000,0.00000,0.00000,0.00000,-1.09959,-0.26375,0.00000,0.72042,0.00000
0.00000,0.76881,0.00000,0.00000,0.00000,0.00000,-0.33000,0.00000,0.00000,0.55000,-0.20000,0.00000,-0.33000,0.00000,0.00000,0.55000,-0.20000,0.00000,0.00000,0.00000,0.15000,0.00000,0.00000,0.00000,-1.14890,-0.26885,0.00000,0.75273,0.00000
0.00000,0.76881,0.00000,0.00000,0.00000,0.00000,-0.33000,0.00000,0.00000,0.55000,-0.20000,0.00000,-0.33000,0.00000,0.00000,0.55000,-0.20000,0.00000,0.00000,0.00000,0.15000,0.00000,0.00000,0.00000,-1.19566,-0.27369,0.00000,0.78336,0.00000
0.00000,0.76881,0.00000,0.00000,0.00000,0.00000,-0.33000,0.00000,0.00000,0.55000,-0.20000,0.00000,-0.33000,0.00000,0.00000,0.55000,-0.20000,0.00000,0.00000,0.00000,0.15000,0.00000,0.00000,0.00000,-1.23953,-0.27823,0.00000,0.81211,0.00000
0.00000,0.76881,0.00000,0.00000,0.00000,0.00000,-0.33000,0.00000,0.00000,0.55000,-0.20000,0.00000,-0.33000,0.00000,0.00000,0.55000,-0.20000,0.00000,0.00000,0.00000,0.15000,0.00000,0.00000,0.00000,-1.28018,-0.28243,0.00000,0.83874,0.00000
0.00000,0.76881,0.00000,0.00000,0.00000,0.00000,-0.33000,0.00000,0.00000,0.55000,-0.20000,0.00000,-0.33000,0.00000,0.00000,0.55000,-0.20000,0.00000,0.00000,0.00000,0.15000,0.00000,0.00000,0.00000,-1.31729,-0.28627,0.00000,0.86305,0.00000
0.00000,0.76881,0.00000,0.00000,0.00000,0.00000,-0.33000,0.00000,0.00000,0.55000,-0.20000,0.00000,-0.33000,0.00000,0.00000,0.55000,-0.20000,0.00000,0.00000,0.00000,0.15000,0.00000,0.00000,0.00000,-1.35052,-0.28971,0.00000,0.88482,0.00000
0.00000,0.76881,0.00000,0.00000,0.00000,0.00000,-0.33000,0.00000,0.00000,0.55000,-0.20000,0.00000,-0.33000,0.00000,0.00000,0.55000,-0.20000,0.00000,0.00000,0.00000,0.15000,0.00000,0.00000,0.00000,-1.37954,-0.29271,0.00000,0.90384,0.00000
0.00000,0.76881,0.00000,0.00000,0.00000,0.00000,-0.33000,0.00000,0.00000,0.55000,-0.20000,0.00000,-0.33000,0.00000,0.00000,0.55000,-0.20000,0.00000,0.00000,0.00000,0.15000,0.00000,0.00000,0.00000,-1.40403,-0.29524,0.00000,0.91988,0.00000
0.00000,0.76881,0.00000,0.00000,0.00000,0.00000,-0.33000,0.00000,0.00000,0.55000,-0.20000,0.00000,-0.33000,0.00000,0.00000,0.55000,-0.20000,0.00000,0.00000,0.00000,0.15000,0.00000,0.00000,0.00000,-1.42364,-0.29727,0.00000,0.93273,0.00000
0.00000,0.76881,0.00000,0.00000,0.00000,0.00000,-0.33000,0.00000,0.00000,0.55000,-0.20000,0.00000,-0.33000,0.00000,0.00000,0.55000,-0.20000,0.00000,0.00000,0.00000,0.15000,0.00000,0.00000,0.00000,-1.43807,-0.29877,0.00000,0.94218,0.00000
0.00000,0.76881,0.00000,0.00000,0.00000,0.00000,-0.33000,0.00000,0.00000,0.55000,-0.20000,0.00000,-0.33000,0.00000,0.00000,0.55000,-0.20000,0.00000,0.00000,0.00000,0.15000,0.00000,0.00000,0.00000,-1.44696,-0.29969,0.00000,0.94801,0.00000
0.00000,0.76881,0.00000,0.00000,0.00000,0.00000,-0.33000,0.00000,0.00000,0.55000,-0.20000,0.00000,-0.33000,0.00000,0.00000,0.55000,-0.20000,0.00000,0.00000,0.00000,0.15000,0.00000,0.00000,0.00000,-1.45000,-0.30000,0.00000,0.95000,0.00000
0.00000,0.76881,0.00000,0.00000,0.00000,0.00000,-0.33000,0.00000,0.00000,0.55000,-0.20000,0.00000,-0.33000,0.00000,0.00000,0.55000,-0.20000,0.00000,0.00000,0.00000,0.15000,0.00000,0.00000,0.00000,-1.45000,-0.29925,0.00000,0.95000,0.00000
0.00000,0.76881,0.00000,0.00000,0.00000,0.00000,-0.33000,0.00000,0.00000,0.55000,-0.20000,0.00000,-0.33000,0.00000,0.00000,0.55000,-0.20000,0.00000,0.00000,0.00000,0.15000,0.00000,0.00000,0.00000,-1.45000,-0.29706,0.00000,0.95000,0.00000
0.00000,0.76881,0.00000,0.00000,0.00000,0.00000,-0.33000,0.00000,0.00000,0.55000,-0.20000,0.00000,-0.33000,0.00000,0.00000,0.55000,-0.20000,0.00000,0.00000,0.00000,0.15000,0.00000,0.00000,0.00000,-1.45000,-0.29353,0.00000,0.95000,0.00000
0.00000,0.76881,0.00000,0.00000,0.00000,0.00000,-0.33000,0.00000,0.00000,0.55000,-0.20000,0.00000,-0.33000,0.00000,0.00000,0.55000,-0.20000,0.00000,0.00000,0.00000,0.15000,0.00000,0.00000,0.00000,-1.45000,-0.28876,0.00000,0.95000,0.00000
0.00000,0.76881,0.00000,0.00000,0.00000,0.00000,-0.33000,0.00000,0.00000,0.55000,-0.20000,0.00000,-0.33000,0.00000,0.00000,0.55000,-0.20000,0.00000,0.00000,0.00000,0.15000,0.00000,0.00000,0.00000,-1.45000,-0.28285,0.00000,0.95000,0.00000
0.00000,0.76881,0.00000,0.00000,0.00000,0.00000,-0.33000,0.00000,0.00000,0.55000,-0.20000,0.00000,-0.33000,0.00000,0.00000,0.55000,-0.20000,0.00000,0.00000,0.00000,0.15000,0.00000,0.00000,0.00000,-1.45000,-0.27589,0.00000,0.95000,0.00000
0.00000,0.76881,0.00000,0.00000,0.00000,0.00000,-0.33000,0.00000,0.00000,0.55000,-0.20000,0.00000,-0.33000,0.00000,0.00000,0.55000,-0.20000,0.00000,0.00000,0.00000,0.15000,0.00000,0.00000,0.00000,-1.45000,-0.26799,0.00000,0.95000,0.00000
0.00000,0.76881,0.00000,0.00000,0.00000,0.00000,-0.33000,0.00000,0.00000,0.55000,-0.20000,0.00000,-0.33000,0.00000,0.00000,0.55000,-0.20000,0.00000,0.00000,0.00000,0.15000,0.00000,0.00000,0.00000,-1.45000,-0.25924,0.00000,0.95000,0.00000
0.00000,0.76881,0.00000,0.00000,0.00000,0.00000,-0.33000,0.00000,0.00000,0.55000,-0.20000,0.00000,-0.33000,0.00000,0.00000,0.55000,-0.20000,0.00000,0.00000,0.00000,0.15000,0.00000,0.00000,0.00000,-1.45000,-0.24974,0.00000,0.95000,0.00000
0.00000,0.76881,0.00000,0.00000,0.00000,0.00000,-0.33000,0.00000,0.00000,0.55000,-0.20000,0.00000,-0.33000,0.00000,0.00000,0.55000,-0.20000,0.00000,0.00000,0.00000,0.15000,0.00000,0.00000,0.00000,-1.45000,-0.23958,0.00000,0.95000,0.00000
0.00000,0.76881,0.00000,0.00000,0.00000,0.00000,-0.33000,0.00000,0.00000,0.55000,-0.20000,0.00000,-0.33000,0.00000,0.00000,0.55000,-0.20000,0.00000,0.00000,0.00000,0.15000,0.00000,0.00000,0.00000,-1.45000,-0.22888,0.00000,0.95000,0.00000
0.00000,0.76881,0.00000,0.00000,0.00000,0.00000,-0.33000,0.00000,0.00000,0.55000,-0.20000,0.00000,-0.33000,0.00000,0.00000,0.55000,-0.20000,0.00000,0.00000,0.00000,0.15000,0.00000,0.00000,0.00000,-1.45000,-0.21772,0.00000,0.95000,0.00000
0.00000,0.76881,0.00000,0.00000,0.00000,0.00000,-0.33000,0.00000,0.00000,0.55000,-0.20000,0.00000,-0.33000,0.00000,0.00000,0.55000,-0.20000,0.00000,0.00000,0.00000,0.15000,0.00000,0.00000,0.00000,-1.45000,-0.20620,0.00000,0.95000,0.00000
0.00000,0.76881,0.00000,0.00000,0.00000,0.00000,-0.33000,0.00000,0.00000,0.55000,-0.20000,0.00000,-0.33000,0.00000,0.00000,0.55000,-0.20000,0.00000,0.00000,0.00000,0.15000,0.00000,0.00000,0.00000,-1.45000,-0.19443,0.00000,0.95000,0.00000
0.00000,0.76881,0.00000,0.00000,0.00000,0.00000,-0.33000,0.00000,0.00000,0.55000,-0.20000,0.00000,-0.33000,0.00000,0.00000,0.55000,-0.20000,0.00000,0.00000,0.00000,0.15000,0.00000,0.00000,0.00000,-1.45000,-0.18250,0.00000,0.95000,0.00000
0.00000,0.76881,0.00000,0.00000,0.00000,0.00000,-0.33000,0.00000,0.00000,0.55000,-0.20000,0.00000,-0.33000,0.00000,0.00000,0.55000,-0.20000,0.00000,0.00000,0.00000,0.15000,0.00000,0.00000,0.00000,-1.45000,-0.17050,0.00000,0.95000,0.00000
0.00000,0.76881,0.00000,0.00000,0.00000,0.00000,-0.33000,0.00000,0.00000,0.55000,-0.20000,0.00000,-0.33000,0.00000,0.00000,0.55000,-0.20000,0.00000,0.00000,0.00000,0.15000,0.00000,0.00000,0.00000,-1.45000,-0.15854,0.00000,0.95000,0.00000
0.00000,0.76881,0.00000,0.00000,0.00000,0.00000,-0.33000,0.00000,0.00000,0.55000,-0.20000,0.00000,-0.33000,0.00000,0.00000,0.55000,-0.20000,0.00000,0.00000,0.00000,0.15000,0.00000,0.00000,0.00000,-1.45000,-0.14672,0.00000,0.95000,0.00000
0.00000,0.76881,0.00000,0.00000,0.00000,0.00000,-0.33000,0.00000,0.00000,0.55000,-0.20000,0.00000,-0.33000,0.00000,0.00000,0.55000,-0.20000,0.00000,0.00000,0.00000,0.15000,0.00000,0.00000,0.00000,-1.45000,-0.13513,0.00000,0.95000,0.00000
0.00000,0.76881,0.00000,0.00000,0.00000,0.00000,-0.33000,0.00000,0.00000,0.55000,-0.20000,0.00000,-0.33000,0.00000,0.00000,0.55000,-0.20000,0.00000,0.00000,0.00000,0.15000,0.00000,0.00000,0.00000,-1.45000,-0.12387,0.00000,0.95000,0.00000
0.00000,0.76881,0.00000,0.00000,0.00000,0.00000,-0.33000,0.00000,0.00000,0.55000,-0.20000,0.00000,-0.33000,0.00000,0.00000,0.55000,-0.20000,0.00000,0.00000,0.00000,0.15000,0.00000,0.00000,0.00000,-1.45000,-0.11304,0.00000,0.95000,0.00000
0.00000,0.76881,0.00000,0.00000,0.00000,0.00000,-0.33000,0.00000,0.00000,0.55000,-0.20000,0.00000,-0.33000,0.00000,0.00000,0.55000,-0.20000,0.00000,0.00000,0.00000,0.15000,0.00000,0.00000,0.00000,-1.45000,-0.10274,0.00000,0.95000,0.00000
0.00000,0.76881,0.00000,0.00000,0.00000,0.00000,-0.33000,0.00000,0.00000,0.55000,-0.20000,0.00000,-0.33000,0.00000,0.00000,0.55000,-0.20000,0.00000,0.00000,0.00000,0.15000,0.00000,0.00000,0.00000,-1.45000,-0.09307,0.00000,0.95000,0.00000
0.00000,0.76881,0.00000,0.00000,0.00000,0.00000,-0.33000,0.00000,0.00000,0.55000,-0.20000,0.00000,-0.33000,0.00000,0.00000,0.55000,-0.20000,0.00000,0.00000,0.00000,0.15000,0.00000,0.00000,0.00000,-1.45000,-0.08412,0.00000,0.95000,0.00000
0.00000,0.76881,0.00000,0.00000,0.00000,0.00000,-0.33000,0.00000,0.00000,0.55000,-0.20000,0.00000,-0.33000,0.00000,0.00000,0.55000,-0.20000,0.00000,0.00000,0.00000,0.15000,0.00000,0.00000,0.00000,-1.45000,-0.07600,0.00000,0.95000,0.00000
0.00000,0.76881,0.00000,0.00000,0.00000,0.00000,-0.33000,0.00000,0.00000,0.55000,-0.20000,0.00000,-0.33000,0.00000,0.00000,0.55000,-0.20000,0.00000,0.00000,0.00000,0.15000,0.00000,0.00000,0.00000,-1.45000,-0.06880,0.00000,0.95000,0.00000
0.00000,0.76881,0.00000,0.00000,0.00000,0.00000,-0.33000,0.00000,0.00000,0.55000,-0.20000,0.00000,-0.33000,0.00000,0.00000,0.55000,-0.20000,0.00000,0.00000,0.00000,0.15000,0.00000,0.00000,0.00000,-1.45000,-0.06261,0.00000,0.95000,0.00000
0.00000,0.76881,0.00000,0.00000,0.00000,0.00000,-0.33000,0.00000,0.00000,0.55000,-0.20000,0.00000,-0.33000,0.00000,0.00000,0.55000,-0.20000,0.00000,0.00000,0.00000,0.15000,0.00000,0.00000,0.00000,-1.45000,-0.05755,0.00000,0.95000,0.00000
0.00000,0.76881,0.00000,0.00000,0.00000,0.00000,-0.33000,0.00000,0.00000,0.55000,-0.20000,0.00000,-0.33000,0.00000,0.00000,0.55000,-0.20000,0.00000,0.00000,0.00000,0.15000,0.00000,0.00000,0.00000,-1.45000,-0.05370,0.00000,0.95000,0.00000
0.00000,0.76881,0.00000,0.00000,0.00000,0.00000,-0.33000,0.00000,0.00000,0.55000,-0.20000,0.00000,-0.33000,0.00000,0.00000,0.55000,-0.20000,0.00000,0.00000,0.00000,0.15000,0.00000,0.00000,0.00000,-1.45000,-0.05117,0.00000,0.95000,0.00000
0.00000,0.76881,0.00000,0.00000,0.00000,0.00000,-0.33000,0.00000,0.00000,0.55000,-0.20000,0.00000,-0.33000,0.00000,0.00000,0.55000,-0.20000,0.00000,0.00000,0.00000,0.15000,0.00000,0.00000,0.00000,-1.45000,-0.05005,0.00000,0.95000,0.00000
0.00000,0.76881,0.00000,0.00000,0.00000,0.00000,-0.33000,0.00000,0.00000,0.55000,-0.20000,0.00000,-0.33000,0.00000,0.00000,0.55000,-0.20000,0.00000,0.00000,0.00000,0.15000,0.00000,0.00000,0.00000,-1.45000,-0.05151,0.00000,0.95000,0.00000
0.00000,0.76881,0.00000,0.00000,0.00000,0.00000,-0.33000,0.00000,0.00000,0.55000,-0.20000,0.00000,-0.33000,0.00000,0.00000,0.55000,-0.20000,0.00000,0.00000,0.00000,0.15000,0.00000,0.00000,0.00000,-1.45000,-0.05799,0.00000,0.95000,0.00000
0.00000,0.76881,0.00000,0.00000,0.00000,0.00000,-0.33000,0.00000,0.00000,0.55000,-0.20000,0.00000,-0.33000,0.00000,0.00000,0.55000,-0.20000,0.00000,0.00000,0.00000,0.15000,0.00000,0.00000,0.00000,-1.45000,-0.06917,0.00000,0.95000,0.00000
0.00000,0.76881,0.00000,0.00000,0.00000,0.00000,-0.33000,0.00000,0.00000,0.55000,-0.20000,0.00000,-0.33000,0.00000,0.00000,0.55000,-0.20000,0.00000,0.00000,0.00000,0.15000,0.00000,0.00000,0.00000,-1.45000,-0.08463,0.00000,0.95000,0.00000
0.00000,0.76881,0.00000,0.00000,0.00000,0.00000,-0.33000,0.00000,0.00000,0.55000,-0.20000,0.00000,-0.33000,0.00000,0.00000,0.55000,-0.20000,0.00000,0.00000,0.00000,0.15000,0.00000,0.00000,0.00000,-1.45000,-0.10391,0.00000,0.95000,0.00000
0.00000,0.76881,0.00000,0.00000,0.00000,0.00000,-0.33000,0.00000,0.00000,0.55000,-0.20000,0.00000,-0.33000,0.00000,0.00000,0.55000,-0.20000,0.00000,0.00000,0.00000,0.15000,0.00000,0.00000,0.00000,-1.45000,-0.12659,0.00000,0.95000,0.00000
0.00000,0.76881,0.00000,0.00000,0.00000,0.00000,-0.33000,0.00000,0.00000,0.55000,-0.20000,0.00000,-0.33000,0.00000,0.00000,0.55000,-0.20000,0.00000,0.00000,0.00000,0.15000,0.00000,0.00000,0.00000,-1.45000,-0.15222,0.00000,0.95000,0.00000
0.00000,0.76881,0.00000,0.00000,0.00000,0.00000,-0.33000,0.00000,0.00000,0.55000,-0.20000,0.00000,-0.33000,0.00000,0.00000,0.55000,-0.20000,0.00000,0.00000,0.00000,0.15000,0.00000,0.00000,0.00000,-1.45000,-0.18037,0.00000,0.95000,0.00000
0.00000,0.76881,0.00000,0.00000,0.00000,0.00000,-0.33000,0.00000,0.00000,0.55000,-0.20000,0.00000,-0.33000,0.00000,0.00000,0.55000,-0.20000,0.00000,0.00000,0.00000,0.15000,0.00000,0.00000,0.00000,-1.45000,-0.21060,0.00000,0.95000,0.00000
0.00000,0.76881,0.00000,0.00000,0.00000,0.00000,-0.33000,0.00000,0.00000,0.55000,-0.20000,0.00000,-0.33000,0.00000,0.00000,0.55000,-0.20000,0.00000,0.00000,0.00000,0.15000,0.00000,0.00000,0.00000,-1.45000,-0.24247,0.00000,0.95000,0.00000
0.00000,0.76881,0.00000,0.00000,0.00000,0.00000,-0.33000,0.00000,0.00000,0.55000,-0.20000,0.00000,-0.33000,0.00000,0.00000,0.55000,-0.20000,0.00000,0.00000,0.00000,0.15000,0.00000,0.00000,0.00000,-1.45000,-0.27554,0.00000,0.95000,0.00000
0.00000,0.76881,0.00000,0.00000,0.00000,0.00000,-0.33000,0.00000,0.00000,0.55000,-0.20000,0.00000,-0.33000,0.00000,0.00000,0.55000,-0.20000,0.00000,0.00000,0.00000,0.15000,0.00000,0.00000,0.00000,-1.45000,-0.30938,0.00000,0.95000,0.00000
0.00000,0.76881,0.00000,0.00000,0.00000,0.00000,-0.33000,0.00000,0.00000,0.55000,-0.20000,0.00000,-0.33000,0.00000,0.00000,0.55000,-0.20000,0.00000,0.00000,0.00000,0.15000,0.00000,0.00000,0.00000,-1.45000,-0.34355,0.00000,0.95000,0.00000
0.00000,0.76881,0.00000,0.00000,0.00000,0.00000,-0.33000,0.00000,0.00000,0.55000,-0.20000,0.00000,-0.33000,0.00000,0.00000,0.55000,-0.20000,0.00000,0.00000,0.00000,0.15000,0.00000,0.00000,0.00000,-1.45000,-0.37761,0.00000,0.95000,0.00000
0.00000,0.76881,0.00000,0.00000,0.00000,0.00000,-0.33000,0.00000,0.00000,0.55000,-0.20000,0.00000,-0.33000,0.00000,0.00000,0.55000,-0.20000,0.00000,0.00000,0.00000,0.15000,0.00000,0.00000,0.00000,-1.45000,-0.41112,0.00000,0.95000,0.00000
0.00000,0.76881,0.00000,0.00000,0.00000,0.00000,-0.33000,0.00000,0.00000,0.55000,-0.20000,0.00000,-0.33000,0.00000,0.00000,0.55000,-0.20000,0.00000,0.00000,0.00000,0.15000,0.00000,0.00000,0.00000,-1.45000,-0.44365,0.00000,0.95000,0.00000
0.00000,0.76881,0.00000,0.00000,0.00000,0.00000,-0.33000,0.00000,0.00000,0.55000,-0.20000,0.00000,-0.33000,0.00000,0.00000,0.55000,-0.20000,0.00000,0.00000,0.00000,0.15000,0.00000,0.00000,0.00000,-1.45000,-0.47475,0.00000,0.95000,0.00000
0.00000,0.76881,0.00000,0.00000,0.00000,0.00000,-0.33000,0.00000,0.00000,0.55000,-0.20000,0.00000,-0.33000,0.00000,0.00000,0.55000,-0.20000,0.00000,0.00000,0.00000,0.15000,0.00000,0.00000,0.00000,-1.45000,-0.50399,0.00000,0.95000,0.00000
0.00000,0.76881,0.00000,0.00000,0.00000,0.00000,-0.33000,0.00000,0.00000,0.55000,-0.20000,0.00000,-0.33000,0.00000,0.00000,0.55000,-0.20000,0.00000,0.00000,0.00000,0.15000,0.00000,0.00000,0.00000,-1.45000,-0.53094,0.00000,0.95000,0.00000
0.00000,0.76881,0.00000,0.00000,0.00000,0.00000,-0.33000,0.00000,0.00000,0.55000,-0.20000,0.00000,-0.33000,0.00000,0.00000,0.55000,-0.20000,0.00000,0.00000,0.00000,0.15000,0.00000,0.00000,0.00000,-1.45000,-0.55515,0.00000,0.95000,0.00000
0.00000,0.76881,0.00000,0.00000,0.00000,0.00000,-0.33000,0.00000,0.00000,0.55000,-0.20000,0.00000,-0.33000,0.00000,0.00000,0.55000,-0.20000,0.00000,0.00000,0.00000,0.15000,0.00000,0.00000,0.00000,-1.45000,-0.57618,0.00000,0.95000,0.00000
0.00000,0.76881,0.00000,0.00000,0.00000,0.00000,-0.33000,0.00000,0.00000,0.55000,-0.20000,0.00000,-0.33000,0.00000,0.00000,0.55000,-0.20000,0.00000,0.00000,0.00000,0.15000,0.00000,0.00000,0.00000,-1.45000,-0.59361,0.00000,0.95000,0.00000
0.00000,0.76881,0.00000,0.00000,0.00000,0.00000,-0.33000,0.00000,0.00000,0.55000,-0.20000,0.00000,-0.33000,0.00000,0.00000,0.55000,-0.20000,0.00000,0.00000,0.00000,0.15000,0.00000,0.00000,0.00000,-1.45000,-0.60698,0.00000,0.95000,0.00000
0.00000,0.76881,0.00000,0.00000,0.00000,0.00000,-0.33000,0.00000,0.00000,0.55000,-0.20000,0.00000,-0.33000,0.00000,0.00000,0.55000,-0.20000,0.00000,0.00000,0.00000,0.15000,0.00000,0.00000,0.00000,-1.45000,-0.61587,0.00000,0.95000,0.00000
0.00000,0.76881,0.00000,0.00000,0.00000,0.00000,-0.33000,0.00000,0.00000,0.55000,-0.20000,0.00000,-0.33000,0.00000,0.00000,0.55000,-0.20000,0.00000,0.00000,0.00000,0.15000,0.00000,0.00000,0.00000,-1.45000,-0.61983,0.00000,0.95000,0.00000
0.00000,0.76881,0.00000,0.00000,0.00000,0.00000,-0.33000,0.00000,0.00000,0.55000,-0.20000,0.00000,-0.33000,0.00000,0.00000,0.55000,-0.20000,0.00000,0.00000,0.00000,0.15000,0.00000,0.00000,0.00000,-1.45000,-0.61849,0.00000,0.95000,0.00000
0.00000,0.76881,0.00000,0.00000,0.00000,0.00000,-0.33000,0.00000,0.00000,0.55000,-0.20000,0.00000,-0.33000,0.00000,0.00000,0.55000,-0.20000,0.00000,0.00000,0.00000,0.15000,0.00000,0.00000,0.00000,-1.45000,-0.61201,0.00000,0.95000,0.00000
0.00000,0.76881,0.00000,0.00000,0.00000,0.00000,-0.33000,0.00000,0.00000,0.55000,-0.20000,0.00000,-0.33000,0.00000,0.00000,0.55000,-0.20000,0.00000,0.00000,0.00000,0.15000,0.00000,0.00000,0.00000,-1.45000,-0.60083,0.00000,0.95000,0.00000
0.00000,0.76881,0.00000,0.00000,0.00000,0.00000,-0.33000,0.00000,0.00000,0.55000,-0.20000,0.00000,-0.33000,0.00000,0.00000,0.55000,-0.20000,0.00000,0.00000,0.00000,0.15000,0.00000,0.00000,0.00000,-1.45000,-0.58537,0.00000,0.95000,0.00000
0.00000,0.76881,0.00000,0.00000,0.00000,0.00000,-0.33000,0.00000,0.00000,0.55000,-0.20000,0.00000,-0.33000,0.00000,0.00000,0.55000,-0.20000,0.00000,0.00000,0.00000,0.15000,0.00000,0.00000,0.00000,-1.45000,-0.56609,0.00000,0.95000,0.00000
0.00000,0.76881,0.00000,0.00000,0.00000,0.00000,-0.33000,0.00000,0.00000,0.55000,-0.20000,0.00000,-0.33000,0.00000,0.00000,0.55000,-0.20000,0.00000,0.00000,0.00000,0.15000,0.00000,0.00000,0.00000,-1.45000,-0.54341,0.00000,0.95000,0.00000
0.00000,0.76881,0.00000,0.00000,0.00000,0.00000,-0.33000,0.00000,0.00000,0.55000,-0.20000,0.00000,-0.33000,0.00000,0.00000,0.55000,-0.20000,0.00000,0.00000,0.00000,0.15000,0.00000,0.00000,0.00000,-1.45000,-0.51778,0.00000,0.95000,0.00000
0.00000,0.76881,0.00000,0.00000,0.00000,0.00000,-0.33000,0.00000,0.00000,0.55000,-0.20000,0.00000,-0.33000,0.00000,0.00000,0.55000,-0.20000,0.00000,0.00000,0.00000,0.15000,0.00000,0.00000,0.00000,-1.45000,-0.48963,0.00000,0.95000,0.00000
0.00000,0.76881,0.00000,0.00000,0.00000,0.00000,-0.33000,0.00000,0.00000,0.55000,-0.20000,0.00000,-0.33000,0.00000,0.00000,0.55000,-0.20000,0.00000,0.00000,0.00000,0.15000,0.00000,0.00000,0.00000,-1.45000,-0.45940,0.00000,0.95000,0.00000
0.00000,0.76881,0.00000,0.00000,0.00000,0.00000,-0.33000,0.00000,0.00000,0.55000,-0.20000,0.00000,-0.33000,0.00000,0.00000,0.55000,-0.20000,0.00000,0.00000,0.00000,0.15000,0.00000,0.00000,0.00000,-1.45000,-0.42753,0.00000,0.95000,0.00000
0.00000,0.76881,0.00000,0.00000,0.00000,0.00000,-0.33000,0.00000,0.00000,0.55000,-0.20000,0.00000,-0.33000,0.00000,0.00000,0.55000,-0.20000,0.00000,0.00000,0.00000,0.15000,0.00000,0.00000,0.00000,-1.45000,-0.39446,0.00000,0.95000,0.00000
0.00000,0.76881,0.00000,0.00000,0.00000,0.00000,-0.33000,0.00000,0.00000,0.55000,-0.20000,0.00000,-0.33000,0.00000,0.00000,0.55000,-0.20000,0.00000,0.00000,0.00000,0.15000,0.00000,0.00000,0.00000,-1.45000,-0.36062,0.00000,0.95000,0.00000
0.00000,0.76881,0.00000,0.00000,0.00000,0.00000,-0.33000,0.00000,0.00000,0.55000,-0.20000,0.00000,-0.33000,0.00000,0.00000,0.55000,-0.20000,0.00000,0.00000,0.00000,0.15000,0.00000,0.00000,0.00000,-1.45000,-0.32645,0.00000,0.95000,0.00000
0.00000,0.76881,0.00000,0.00000,0.00000,0.00000,-0.33000,0.00000,0.00000,0.55000,-0.20000,0.00000,-0.33000,0.00000,0.00000,0.55000,-0.20000,0.00000,0.00000,0.00000,0.15000,0.00000,0.00000,0.00000,-1.45000,-0.29239,0.00000,0.95000,0.00000
0.00000,0.76881,0.00000,0.00000,0.00000,0.00000,-0.33000,0.00000,0.00000,0.55000,-0.20000,0.00000,-0.33000,0.00000,0.00000,0.55000,-0.20000,0.00000,0.00000,0.00000,0.15000,0.00000,0.00000,0.00000,-1.45000,-0.25888,0.00000,0.95000,0.00000
0.00000,0.76881,0.00000,0.00000,0.00000,0.00000,-0.33000,0.00000,0.00000,0.55000,-0.20000,0.00000,-0.33000,0.00000,0.00000,0.55000,-0.20000,0.00000,0.00000,0.00000,0.15000,0.00000,0.00000,0.00000,-1.45000,-0.22635,0.00000,0.95000,0.00000
0.00000,0.76881,0.00000,0.00000,0.00000,0.00000,-0.33000,0.00000,0.00000,0.55000,-0.20000,0.00000,-0.33000,0.00000,0.00000,0.55000,-0.20000,0.00000,0.00000,0.00000,0.15000,0.00000,0.00000,0.00000,-1.45000,-0.19525,0.00000,0.95000,0.00000
0.00000,0.76881,0.00000,0.00000,0.00000,0.00000,-0.33000,0.00000,0.00000,0.55000,-0.20000,0.00000,-0.33000,0.00000,0.00000,0.55000,-0.20000,0.00000,0.00000,0.00000,0.15000,0.00000,0.00000,0.00000,-1.45000,-0.16601,0.00000,0.95000,0.00000
0.00000,0.76881,0.00000,0.00000,0.00000,0.00000,-0.33000,0.00000,0.00000,0.55000,-0.20000,0.00000,-0.33000,0.00000,0.00000,0.55000,-0.20000,0.00000,0.00000,0.00000,0.15000,0.00000,0.00000,0.00000,-1.45000,-0.13906,0.00000,0.95000,0.00000
0.00000,0.76881,0.00000,0.00000,0.00000,0.00000,-0.33000,0.00000,0.00000,0.55000,-0.20000,0.00000,-0.33000,0.00000,0.00000,0.55000,-0.20000,0.00000,0.00000,0.00000,0.15000,0.00000,0.00000,0.00000,-1.45000,-0.11485,0.00000,0.95000,0.00000
0.00000,0.76881,0.00000,0.00000,0.00000,0.00000,-0.33000,0.00000,0.00000,0.55000,-0.20000,0.00000,-0.33000,0.00000,0.00000,0.55000,-0.20000,0.00000,0.00000,0.00000,0.15000,0.00000,0.00000,0.00000,-1.45000,-0.09382,0.00000,0.95000,0.00000
0.00000,0.76881,0.00000,0.00000,0.00000,0.00000,-0.33000,0.00000,0.00000,0.55000,-0.20000,0.00000,-0.33000,0.00000,0.00000,0.55000,-0.20000,0.00000,0.00000,0.00000,0.15000,0.00000,0.00000,0.00000,-1.45000,-0.07639,0.00000,0.95000,0.00000
0.00000,0.76881,0.00000,0.00000,0.00000,0.00000,-0.33000,0.00000,0.00000,0.55000,-0.20000,0.00000,-0.33000,0.00000,0.00000,0.55000,-0.20000,0.00000,0.00000,0.00000,0.15000,0.00000,0.00000,0.00000,-1.45000,-0.06302,0.00000,0.95000,0.00000
0.00000,0.76881,0.00000,0.00000,0.00000,0.00000,-0.33000,0.00000,0.00000,0.55000,-0.20000,0.00000,-0.33000,0.00000,0.00000,0.55000,-0.20000,0.00000,0.00000,0.00000,0.15000,0.00000,0.00000,0.00000,-1.45000,-0.05413,0.00000,0.95000,0.00000
0.00000,0.76881,0.00000,0.00000,0.00000,0.00000,-0.33000,0.00000,0.00000,0.55000,-0.20000,0.00000,-0.33000,0.00000,0.00000,0.55000,-0.20000,0.00000,0.00000,0.00000,0.15000,0.00000,0.00000,0.00000,-1.45000,-0.05017,0.00000,0.95000,0.00000
0.00000,0.76881,0.00000,0.00000,0.00000,0.00000,-0.33000,0.00000,0.00000,0.55000,-0.20000,0.00000,-0.33000,0.00000,0.00000,0.55000,-0.20000,0.00000,0.00000,0.00000,0.15000,0.00000,0.00000,0.00000,-1.45000,-0.05151,0.00000,0.95000,0.00000
0.00000,0.76881,0.00000,0.00000,0.00000,0.00000,-0.33000,0.00000,0.00000,0.55000,-0.20000,0.00000,-0.33000,0.00000,0.00000,0.55000,-0.20000,0.00000,0.00000,0.00000,0.15000,0.00000,0.00000,0.00000,-1.45000,-0.05799,0.00000,0.95000,0.00000
0.00000,0.76881,0.00000,0.00000,0.00000,0.00000,-0.33000,0.00000,0.00000,0.55000,-0.20000,0.00000,-0.33000,0.00000,0.00000,0.55000,-0.20000,0.00000,0.00000,0.00000,0.15000,0.00000,0.00000,0.00000,-1.45000,-0.06917,0.00000,0.95000,0.00000
0.00000,0.76881,0.00000,0.00000,0.00000,0.00000,-0.33000,0.00000,0.00000,0.55000,-0.20000,0.00000,-0.33000,0.00000,0.00000,0.55000,-0.20000,0.00000,0.00000,0.00000,0.15000,0.00000,0.00000,0.00000,-1.45000,-0.08463,0.00000,0.95000,0.00000
0.00000,0.76881,0.00000,0.00000,0.00000,0.00000,-0.33000,0.00000,0.00000,0.55000,-0.20000,0.00000,-0.33000,0.00000,0.00000,0.55000,-0.20000,0.00000,0.00000,0.00000,0.15000,0.00000,0.00000,0.00000,-1.45000,-0.10391,0.00000,0.95000,0.00000
0.00000,0.76881,0.00000,0.00000,0.00000,0.00000,-0.33000,0.00000,0.00000,0.55000,-0.20000,0.00000,-0.33000,0.00000,0.00000,0.55000,-0.20000,0.00000,0.00000,0.00000,0.15000,0.00000,0.00000,0.00000,-1.45000,-0.12659,0.00000,0.95000,0.00000
0.00000,0.76881,0.00000,0.00000,0.00000,0.00000,-0.33000,0.00000,0.00000,0.55000,-0.20000,0.00000,-0.33000,0.00000,0.00000,0.55000,-0.20000,0.00000,0.00000,0.00000,0.15000,0.00000,0.00000,0.00000,-1.45000,-0.15222,0.00000,0.95000,0.00000
0.00000,0.76881,0.00000,0.00000,0.00000,0.00000,-0.33000,0.00000,0.00000,0.55000,-0.20000,0.00000,-0.33000,0.00000,0.00000,0.55000,-0.20000,0.00000,0.00000,0.00000,0.15000,0.00000,0.00000,0.00000,-1.45000,-0.18037,0.00000,0.95000,0.00000
0.00000,0.76881,0.00000,0.00000,0.00000,0.00000,-0.33000,0.00000,0.00000,0.55000,-0.20000,0.00000,-0.33000,0.00000,0.00000,0.55000,-0.20000,0.00000,0.00000,0.00000,0.15000,0.00000,0.00000,0.00000,-1.45000,-0.21060,0.00000,0.95000,0.00000
0.00000,0.76881,0.00000,0.00000,0.00000,0.00000,-0.33000,0.00000,0.00000,0.55000,-0.20000,0.00000,-0.33000,0.00000,0.00000,0.55000,-0.20000,0.00000,0.00000,0.00000,0.15000,0.00000,0.00000,0.00000,-1.45000,-0.24247,0.00000,0.95000,0.00000
0.00000,0.76881,0.00000,0.00000,0.00000,0.00000,-0.33000,0.00000,0.00000,0.55000,-0.20000,0.00000,-0.33000,0.00000,0.00000,0.55000,-0.20000,0.00000,0.00000,0.00000,0.15000,0.00000,0.00000,0.00000,-1.45000,-0.27554,0.00000,0.95000,0.00000
0.00000,0.76881,0.00000,0.00000,0.00000,0.00000,-0.33000,0.00000,0.00000,0.55000,-0.20000,0.00000,-0.33000,0.00000,0.00000,0.55000,-0.20000,0.00000,0.00000,0.00000,0.15000,0.00000,0.00000,0.00000,-1.45000,-0.30938,0.00000,0.95000,0.00000
0.00000,0.76881,0.00000,0.00000,0.00000,0.00000,-0.33000,0.00000,0.00000,0.55000,-0.20000,0.00000,-0.33000,0.00000,0.00000,0.55000,-0.20000,0.00000,0.00000,0.00000,0.15000,0.00000,0.00000,0.00000,-1.45000,-0.34355,0.00000,0.95000,0.00000
0.00000,0.76881,0.00000,0.00000,0.00000,0.00000,-0.33000,0.00000,0.00000,0.55000,-0.20000,0.00000,-0.33000,0.00000,0.00000,0.55000,-0.20000,0.00000,0.00000,0.00000,0.15000,0.00000,0.00000,0.00000,-1.45000,-0.37761,0.00000,0.95000,0.00000
0.00000,0.76881,0.00000,0.00000,0.00000,0.00000,-0.33000,0.00000,0.00000,0.55000,-0.20000,0.00000,-0.33000,0.00000,0.00000,0.55000,-0.20000,0.00000,0.00000,0.00000,0.15000,0.00000,0.00000,0.00000,-1.45000,-0.41112,0.00000,0.95000,0.00000
0.00000,0.76881,0.00000,0.00000,0.00000,0.00000,-0.33000,0.00000,0.00000,0.55000,-0.20000,0.00000,-0.33000,0.00000,0.00000,0.55000,-0.20000,0.00000,0.00000,0.00000,0.15000,0.00000,0.00000,0.00000,-1.45000,-0.44365,0.00000,0.95000,0.00000
0.00000,0.76881,0.00000,0.00000,0.00000,0.00000,-0.33000,0.00000,0.00000,0.55000,-0.20000,0.00000,-0.33000,0.00000,0.00000,0.55000,-0.20000,0.00000,0.00000,0.00000,0.15000,0.00000,0.00000,0.00000,-1.45000,-0.47475,0.00000,0.95000,0.00000
0.00000,0.76881,0.00000,0.00000,0.00000,0.00000,-0.33000,0.00000,0.00000,0.55000,-0.20000,0.00000,-0.33000,0.00000,0.00000,0.55000,-0.20000,0.00000,0.00000,0.00000,0.15000,0.00000,0.00000,0.00000,-1.45000,-0.50399,0.00000,0.95000,0.00000
0.00000,0.76881,0.00000,0.00000,0.00000,0.00000,-0.33000,0.00000,0.00000,0.55000,-0.20000,0.00000,-0.33000,0.00000,0.00000,0.55000,-0.20000,0.00000,0.00000,0.00000,0.15000,0.00000,0.00000,0.00000,-1.45000,-0.53094,0.00000,0.95000,0.00000
0.00000,0.76881,0.00000,0.00000,0.00000,0.00000,-0.33000,0.00000,0.00000,0.55000,-0.20000,0.00000,-0.33000,0.00000,0.00000,0.55000,-0.20000,0.00000,0.00000,0.00000,0.15000,0.00000,0.00000,0.00000,-1.45000,-0.55515,0.00000,0.95000,0.00000
0.00000,0.76881,0.00000,0.00000,0.00000,0.00000,-0.33000,0.00000,0.00000,0.55000,-0.20000,0.00000,-0.33000,0.00000,0.00000,0.55000,-0.20000,0.00000,0.00000,0.00000,0.15000,0.00000,0.00000,0.00000,-1.45000,-0.57618,0.00000,0.95000,0.00000
0.00000,0.76881,0.00000,0.00000,0.00000,0.00000,-0.33000,0.00000,0.00000,0.55000,-0.20000,0.00000,-0.33000,0.00000,0.00000,0.55000,-0.20000,0.00000,0.00000,0.00000,0.15000,0.00000,0.00000,0.00000,-1.45000,-0.59361,0.00000,0.95000,0.00000
0.00000,0.76881,0.00000,0.00000,0.00000,0.00000,-0.33000,0.00000,0.00000,0.55000,-0.20000,0.00000,-0.33000,0.00000,0.00000,0.55000,-0.20000,0.00000,0.00000,0.00000,0.15000,0.00000,0.00000,0.00000,-1.45000,-0.60698,0.00000,0.95000,0.00000
0.00000,0.76881,0.00000,0.00000,0.00000,0.00000,-0.33000,0.00000,0.00000,0.55000,-0.20000,0.00000,-0.33000,0.00000,0.00000,0.55000,-0.20000,0.00000,0.00000,0.00000,0.15000,0.00000,0.00000,0.00000,-1.45000,-0.61587,0.00000,0.95000,0.00000
0.00000,0.76881,0.00000,0.00000,0.00000,0.00000,-0.33000,0.00000,0.00000,0.55000,-0.20000,0.00000,-0.33000,0.00000,0.00000,0.55000,-0.20000,0.00000,0.00000,0.00000,0.15000,0.00000,0.00000,0.00000,-1.45000,-0.61983,0.00000,0.95000,0.00000
0.00000,0.76881,0.00000,0.00000,0.00000,0.00000,-0.33000,0.00000,0.00000,0.55000,-0.20000,0.00000,-0.33000,0.00000,0.00000,0.55000,-0.20000,0.00000,0.00000,0.00000,0.15000,0.00000,0.00000,0.00000,-1.45000,-0.61849,0.00000,0.95000,0.00000
0.00000,0.76881,0.00000,0.00000,0.00000,0.00000,-0.33000,0.00000,0.00000,0.55000,-0.20000,0.00000,-0.33000,0.00000,0.00000,0.55000,-0.20000,0.00000,0.00000,0.00000,0.15000,0.00000,0.00000,0.00000,-1.45000,-0.61201,0.00000,0.95000,0.00000
0.00000,0.76881,0.00000,0.00000,0.00000,0.00000,-0.33000,0.00000,0.00000,0.55000,-0.20000,0.00000,-0.33000,0.00000,0.00000,0.55000,-0.20000,0.00000,0.00000,0.00000,0.15000,0.00000,0.00000,0.00000,-1.45000,-0.60083,0.00000,0.95000,0.00000
0.00000,0.76881,0.00000,0.00000,0.00000,0.00000,-0.33000,0.00000,0.00000,0.55000,-0.20000,0.00000,-0.33000,0.00000,0.00000,0.55000,-0.20000,0.00000,0.00000,0.00000,0.15000,0.00000,0.00000,0.00000,-1.45000,-0.58537,0.00000,0.95000,0.00000
0.00000,0.76881,0.00000,0.00000,0.00000,0.00000,-0.33000,0.00000,0.00000,0.55000,-0.20000,0.00000,-0.33000,0.00000,0.00000,0.55000,-0.20000,0.00000,0.00000,0.00000,0.15000,0.00000,0.00000,0.00000,-1.45000,-0.56609,0.00000,0.95000,0.00000
0.00000,0.76881,0.00000,0.00000,0.00000,0.00000,-0.33000,0.00000,0.00000,0.55000,-0.20000,0.00000,-0.33000,0.00000,0.00000,0.55000,-0.20000,0.00000,0.00000,0.00000,0.15000,0.00000,0.00000,0.00000,-1.45000,-0.54341,0.00000,0.95000,0.00000
0.00000,0.76881,0.00000,0.00000,0.00000,0.00000,-0.33000,0.00000,0.00000,0.55000,-0.20000,0.00000,-0.33000,0.00000,0.00000,0.55000,-0.20000,0.00000,0.00000,0.00000,0.15000,0.00000,0.00000,0.00000,-1.45000,-0.51778,0.00000,0.95000,0.00000
0.00000,0.76881,0.00000,0.00000,0.00000,0.00000,-0.33000,0.00000,0.00000,0.55000,-0.20000,0.00000,-0.33000,0.00000,0.00000,0.55000,-0.20000,0.00000,0.00000,0.00000,0.15000,0.00000,0.00000,0.00000,-1.45000,-0.48963,0.00000,0.95000,0.00000
0.00000,0.76881,0.00000,0.00000,0.00000,0.00000,-0.33000,0.00000,0.00000,0.55000,-0.20000,0.00000,-0.33000,0.00000,0.00000,0.55000,-0.20000,0.00000,0.00000,0.00000,0.15000,0.00000,0.00000,0.00000,-1.45000,-0.45940,0.00000,0.95000,0.00000
0.00000,0.76881,0.00000,0.00000,0.00000,0.00000,-0.33000,0.00000,0.00000,0.55000,-0.20000,0.00000,-0.33000,0.00000,0.00000,0.55000,-0.20000,0.00000,0.00000,0.00000,0.15000,0.00000,0.00000,0.00000,-1.45000,-0.42753,0.00000,0.95000,0.00000
0.00000,0.76881,0.00000,0.00000,0.00000,0.00000,-0.33000,0.00000,0.00000,0.55000,-0.20000,0.00000,-0.33000,0.00000,0.00000,0.55000,-0.20000,0.00000,0.00000,0.00000,0.15000,0.00000,0.00000,0.00000,-1.45000,-0.39446,0.00000,0.95000,0.00000
0.00000,0.76881,0.00000,0.00000,0.00000,0.00000,-0.33000,0.00000,0.00000,0.55000,-0.20000,0.00000,-0.33000,0.00000,0.00000,0.55000,-0.20000,0.00000,0.00000,0.00000,0.15000,0.00000,0.00000,0.00000,-1.45000,-0.36062,0.00000,0.95000,0.00000
0.00000,0.76881,0.00000,0.00000,0.00000,0.00000,-0.33000,0.00000,0.00000,0.55000,-0.20000,0.00000,-0.33000,0.00000,0.00000,0.55000,-0.20000,0.00000,0.00000,0.00000,0.15000,0.00000,0.00000,0.00000,-1.45000,-0.32645,0.00000,0.95000,0.00000
0.00000,0.76881,0.00000,0.00000,0.00000,0.00000,-0.33000,0.00000,0.00000,0.55000,-0.20000,0.00000,-0.33000,0.00000,0.00000,0.55000,-0.20000,0.00000,0.00000,0.00000,0.15000,0.00000,0.00000,0.00000,-1.45000,-0.29239,0.00000,0.95000,0.00000
0.00000,0.76881,0.00000,0.00000,0.00000,0.00000,-0.33000,0.00000,0.00000,0.55000,-0.20000,0.00000,-0.33000,0.00000,0.00000,0.55000,-0.20000,0.00000,0.00000,0.00000,0.15000,0.00000,0.00000,0.00000,-1.45000,-0.25888,0.00000,0.95000,0.00000
0.00000,0.76881,0.00000,0.00000,0.00000,0.00000,-0.33000,0.00000,0.00000,0.55000,-0.20000,0.00000,-0.33000,0.00000,0.00000,0.55000,-0.20000,0.00000,0.00000,0.00000,0.15000,0.00000,0.00000,0.00000,-1.45000,-0.22635,0.00000,0.95000,0.00000
0.00000,0.76881,0.00000,0.00000,0.00000,0.00000,-0.33000,0.00000,0.00000,0.55000,-0.20000,0.00000,-0.33000,0.00000,0.00000,0.55000,-0.20000,0.00000,0.00000,0.00000,0.15000,0.00000,0.00000,0.00000,-1.45000,-0.19525,0.00000,0.95000,0.00000
0.00000,0.76881,0.00000,0.00000,0.00000,0.00000,-0.33000,0.00000,0.00000,0.55000,-0.20000,0.00000,-0.33000,0.00000,0.00000,0.55000,-0.20000,0.00000,0.00000,0.00000,0.15000,0.00000,0.00000,0.00000,-1.45000,-0.16601,0.00000,0.95000,0.00000
0.00000,0.76881,0.00000,0.00000,0.00000,0.00000,-0.33000,0.00000,0.00000,0.55000,-0.20000,0.00000,-0.33000,0.00000,0.00000,0.55000,-0.20000,0.00000,0.00000,0.00000,0.15000,0.00000,0.00000,0.00000,-1.45000,-0.13906,0.00000,0.95000,0.00000
0.00000,0.76881,0.00000,0.00000,0.00000,0.00000,-0.33000,0.00000,0.00000,0.55000,-0.20000,0.00000,-0.33000,0.00000,0.00000,0.55000,-0.20000,0.00000,0.00000,0.00000,0.15000,0.00000,0.00000,0.00000,-1.45000,-0.11485,0.00000,0.95000,0.00000
0.00000,0.76881,0.00000,0.00000,0.00000,0.00000,-0.33000,0.00000,0.00000,0.55000,-0.20000,0.00000,-0.33000,0.00000,0.00000,0.55000,-0.20000,0.00000,0.00000,0.00000,0.15000,0.00000,0.00000,0.00000,-1.45000,-0.09382,0.00000,0.95000,0.00000
0.00000,0.76881,0.00000,0.00000,0.00000,0.00000,-0.33000,0.00000,0.00000,0.55000,-0.20000,0.00000,-0.33000,0.00000,0.00000,0.55000,-0.20000,0.00000,0.00000,0.00000,0.15000,0.00000,0.00000,0.00000,-1.45000,-0.07639,0.00000,0.95000,0.00000
0.00000,0.76881,0.00000,0.00000,0.00000,0.00000,-0.33000,0.00000,0.00000,0.55000,-0.20000,0.00000,-0.33000,0.00000,0.00000,0.55000,-0.20000,0.00000,0.00000,0.00000,0.15000,0.00000,0.00000,0.00000,-1.45000,-0.06302,0.00000,0.95000,0.00000
0.00000,0.76881,0.00000,0.00000,0.00000,0.00000,-0.33000,0.00000,0.00000,0.55000,-0.20000,0.00000,-0.33000,0.00000,0.00000,0.55000,-0.20000,0.00000,0.00000,0.00000,0.15000,0.00000,0.00000,0.00000,-1.45000,-0.05413,0.00000,0.95000,0.00000
0.00000,0.76881,0.00000,0.00000,0.00000,0.00000,-0.33000,0.00000,0.00000,0.55000,-0.20000,0.00000,-0.33000,0.00000,0.00000,0.55000,-0.20000,0.00000,0.00000,0.00000,0.15000,0.00000,0.00000,0.00000,-1.45000,-0.05017,0.00000,0.95000,0.00000
0.00000,0.76881,0.00000,0.00000,0.00000,0.00000,-0.33000,0.00000,0.00000,0.55000,-0.20000,0.00000,-0.33000,0.00000,0.00000,0.55000,-0.20000,0.00000,0.00000,0.00000,0.15000,0.00000,0.00000,0.00000,-1.45000,-0.05066,0.00000,0.95000,0.00000
0.00000,0.76881,0.00000,0.00000,0.00000,0.00000,-0.33000,0.00000,0.00000,0.55000,-0.20000,0.00000,-0.33000,0.00000,0.00000,0.55000,-0.20000,0.00000,0.00000,0.00000,0.15000,0.00000,0.00000,0.00000,-1.45000,-0.05350,0.00000,0.95000,0.00000
0.00000,0.76881,0.00000,0.00000,0.00000,0.00000,-0.33000,0.00000,0.00000,0.55000,-0.20000,0.00000,-0.33000,0.00000,0.00000,0.55000,-0.20000,0.00000,0.00000,0.00000,0.15000,0.00000,0.00000,0.00000,-1.45000,-0.05841,0.00000,0.95000,0.00000
0.00000,0.76881,0.00000,0.00000,0.00000,0.00000,-0.33000,0.00000,0.00000,0.55000,-0.20000,0.00000,-0.33000,0.00000,0.00000,0.55000,-0.20000,0.00000,0.00000,0.00000,0.15000,0.00000,0.00000,0.00000,-1.45000,-0.06519,0.00000,0.95000,0.00000
0.00000,0.76881,0.00000,0.00000,0.00000,0.00000,-0.33000,0.00000,0.00000,0.55000,-0.20000,0.00000,-0.33000,0.00000,0.00000,0.55000,-0.20000,0.00000,0.00000,0.00000,0.15000,0.00000,0.00000,0.00000,-1.45000,-0.07365,0.00000,0.95000,0.00000
0.00000,0.76881,0.00000,0.00000,0.00000,0.00000,-0.33000,0.00000,0.00000,0.55000,-0.20000,0.00000,-0.33000,0.00000,0.00000,0.55000,-0.20000,0.00000,0.00000,0.00000,0.15000,0.00000,0.00000,0.00000,-1.45000,-0.08359,0.00000,0.95000,0.00000
0.00000,0.76881,0.00000,0.00000,0.00000,0.00000,-0.33000,0.00000,0.00000,0.55000,-0.20000,0.00000,-0.33000,0.00000,0.00000,0.55000,-0.20000,0.00000,0.00000,0.00000,0.15000,0.00000,0.00000,0.00000,-1.45000,-0.09483,0.00000,0.95000,0.00000
0.00000,0.76881,0.00000,0.00000,0.00000,0.00000,-0.33000,0.00000,0.00000,0.55000,-0.20000,0.00000,-0.33000,0.00000,0.00000,0.55000,-0.20000,0.00000,0.00000,0.00000,0.15000,0.00000,0.00000,0.00000,-1.45000,-0.10718,0.00000,0.95000,0.00000
0.00000,0.76881,0.00000,0.00000,0.00000,0.00000,-0.33000,0.00000,0.00000,0.55000,-0.20000,0.00000,-0.33000,0.00000,0.00000,0.55000,-0.20000,0.00000,0.00000,0.00000,0.15000,0.00000,0.00000,0.00000,-1.45000,-0.12044,0.00000,0.95000,0.00000
0.00000,0.76881,0.00000,0.00000,0.00000,0.00000,-0.33000,0.00000,0.00000,0.55000,-0.20000,0.00000,-0.33000,0.00000,0.00000,0.55000,-0.20000,0.00000,0.00000,0.00000,0.15000,0.00000,0.00000,0.00000,-1.45000,-0.13442,0.00000,0.95000,0.00000
0.00000,0.76881,0.00000,0.00000,0.00000,0.00000,-0.33000,0.00000,0.00000,0.55000,-0.20000,0.00000,-0.33000,0.00000,0.00000,0.55000,-0.20000,0.00000,0.00000,0.00000,0.15000,0.00000,0.00000,0.00000,-1.45000,-0.14892,0.00000,0.95000,0.00000
0.00000,0.76881,0.00000,0.00000,0.00000,0.00000,-0.33000,0.00000,0.00000,0.55000,-0.20000,0.00000,-0.33000,0.00000,0.00000,0.55000,-0.20000,0.00000,0.00000,0.00000,0.15000,0.00000,0.00000,0.00000,-1.45000,-0.16376,0.00000,0.95000,0.00000
0.00000,0.76881,0.00000,0.00000,0.00000,0.00000,-0.33000,0.00000,0.00000,0.55000,-0.20000,0.00000,-0.33000,0.00000,0.00000,0.55000,-0.20000,0.00000,0.00000,0.00000,0.15000,0.00000,0.00000,0.00000,-1.45000,-0.17875,0.00000,0.95000,0.00000
0.00000,0.76881,0.00000,0.00000,0.00000,0.00000,-0.33000,0.00000,0.00000,0.55000,-0.20000,0.00000,-0.33000,0.00000,0.00000,0.55000,-0.20000,0.00000,0.00000,0.00000,0.15000,0.00000,0.00000,0.00000,-1.45000,-0.19369,0.00000,0.95000,0.00000
0.00000,0.76881,0.00000,0.00000,0.00000,0.00000,-0.33000,0.00000,0.00000,0.55000,-0.20000,0.00000,-0.33000,0.00000,0.00000,0.55000,-0.20000,0.00000,0.00000,0.00000,0.15000,0.00000,0.00000,0.00000,-1.45000,-0.20839,0.00000,0.95000,0.00000
0.00000,0.76881,0.00000,0.00000,0.00000,0.00000,-0.33000,0.00000,0.00000,0.55000,-0.20000,0.00000,-0.33000,0.00000,0.00000,0.55000,-0.20000,0.00000,0.00000,0.00000,0.15000,0.00000,0.00000,0.00000,-1.45000,-0.22265,0.00000,0.95000,0.00000
0.00000,0.76881,0.00000,0.00000,0.00000,0.00000,-0.33000,0.00000,0.00000,0.55000,-0.20000,0.00000,-0.33000,0.00000,0.00000,0.55000,-0.20000,0.00000,0.00000,0.00000,0.15000,0.00000,0.00000,0.00000,-1.45000,-0.23629,0.00000,0.95000,0.00000
0.00000,0.76881,0.00000,0.00000,0.00000,0.00000,-0.33000,0.00000,0.00000,0.55000,-0.20000,0.00000,-0.33000,0.00000,0.00000,0.55000,-0.20000,0.00000,0.00000,0.00000,0.15000,0.00000,0.00000,0.00000,-1.45000,-0.24912,0.00000,0.95000,0.00000
0.00000,0.76881,0.00000,0.00000,0.00000,0.00000,-0.33000,0.00000,0.00000,0.55000,-0.20000,0.00000,-0.33000,0.00000,0.00000,0.55000,-0.20000,0.00000,0.00000,0.00000,0.15000,0.00000,0.00000,0.00000,-1.45000,-0.26094,0.00000,0.95000,0.00000
0.00000,0.76881,0.00000,0.00000,0.00000,0.00000,-0.33000,0.00000,0.00000,0.55000,-0.20000,0.00000,-0.33000,0.00000,0.00000,0.55000,-0.20000,0.00000,0.00000,0.00000,0.15000,0.00000,0.00000,0.00000,-1.45000,-0.27156,0.00000,0.95000,0.00000
0.00000,0.76881,0.00000,0.00000,0.00000,0.00000,-0.33000,0.00000,0.00000,0.55000,-0.20000,0.00000,-0.33000,0.00000,0.00000,0.55000,-0.20000,0.00000,0.00000,0.00000,0.15000,0.00000,0.00000,0.00000,-1.45000,-0.28078,0.00000,0.95000,0.00000
0.00000,0.76881,0.00000,0.00000,0.00000,0.00000,-0.33000,0.00000,0.00000,0.55000,-0.20000,0.00000,-0.33000,0.00000,0.00000,0.55000,-0.20000,0.00000,0.00000,0.00000,0.15000,0.00000,0.00000,0.00000,-1.45000,-0.28842,0.00000,0.95000,0.00000
0.00000,0.76881,0.00000,0.00000,0.00000,0.00000,-0.33000,0.00000,0.00000,0.55000,-0.20000,0.00000,-0.33000,0.00000,0.00000,0.55000,-0.20000,0.00000,0.00000,0.00000,0.15000,0.00000,0.00000,0.00000,-1.45000,-0.29429,0.00000,0.95000,0.00000
0.00000,0.76881,0.00000,0.00000,0.00000,0.00000,-0.33000,0.00000,0.00000,0.55000,-0.20000,0.00000,-0.33000,0.00000,0.00000,0.55000,-0.20000,0.00000,0.00000,0.00000,0.15000,0.00000,0.00000,0.00000,-1.45000,-0.29819,0.00000,0.95000,0.00000
0.00000,0.76881,0.00000,0.00000,0.00000,0.00000,-0.33000,0.00000,0.00000,0.55000,-0.20000,0.00000,-0.33000,0.00000,0.00000,0.55000,-0.20000,0.00000,0.00000,0.00000,0.15000,0.00000,0.00000,0.00000,-1.45000,-0.29993,0.00000,0.95000,0.00000
0.00000,0.76881,0.00000,0.00000,0.00000,0.00000,-0.33000,0.00000,0.00000,0.55000,-0.20000,0.00000,-0.33000,0.00000,0.00000,0.55000,-0.20000,0.00000,0.00000,0.00000,0.15000,0.00000,0.00000,0.00000,-1.44828,-0.29982,0.00000,0.94888,0.00000
0.00000,0.76881,0.00000,0.00000,0.00000,0.00000,-0.33000,0.00000,0.00000,0.55000,-0.20000,0.00000,-0.33000,0.00000,0.00000,0.55000,-0.20000,0.00000,0.00000,0.00000,0.15000,0.00000,0.00000,0.00000,-1.44082,-0.29905,0.00000,0.94399,0.00000
0.00000,0.76881,0.00000,0.00000,0.00000,0.00000,-0.33000,0.00000,0.00000,0.55000,-0.20000,0.00000,-0.33000,0.00000,0.00000,0.55000,-0.20000,0.00000,0.00000,0.00000,0.15000,0.00000,0.00000,0.00000,-1.42775,-0.29770,0.00000,0.93542,0.00000
0.00000,0.76881,0.00000,0.00000,0.00000,0.00000,-0.33000,0.00000,0.00000,0.55000,-0.20000,0.00000,-0.33000,0.00000,0.00000,0.55000,-0.20000,0.00000,0.00000,0.00000,0.15000,0.00000,0.00000,0.00000,-1.40940,-0.29580,0.00000,0.92340,0.00000
0.00000,0.76881,0.00000,0.00000,0.00000,0.00000,-0.33000,0.00000,0.00000,0.55000,-0.20000,0.00000,-0.33000,0.00000,0.00000,0.55000,-0.20000,0.00000,0.00000,0.00000,0.15000,0.00000,0.00000,0.00000,-1.38610,-0.29339,0.00000,0.90813,0.00000
0.00000,0.76881,0.00000,0.00000,0.00000,0.00000,-0.33000,0.00000,0.00000,0.55000,-0.20000,0.00000,-0.33000,0.00000,0.00000,0.55000,-0.20000,0.00000,0.00000,0.00000,0.15000,0.00000,0.00000,0.00000,-1.35818,-0.29050,0.00000,0.88984,0.00000
0.00000,0.76881,0.00000,0.00000,0.00000,0.00000,-0.33000,0.00000,0.00000,0.55000,-0.20000,0.00000,-0.33000,0.00000,0.00000,0.55000,-0.20000,0.00000,0.00000,0.00000,0.15000,0.00000,0.00000,0.00000,-1.32597,-0.28717,0.00000,0.86874,0.00000
0.00000,0.76881,0.00000,0.00000,0.00000,0.00000,-0.33000,0.00000,0.00000,0.55000,-0.20000,0.00000,-0.33000,0.00000,0.00000,0.55000,-0.20000,0.00000,0.00000,0.00000,0.15000,0.00000,0.00000,0.00000,-1.28980,-0.28343,0.00000,0.84504,0.00000
0.00000,0.76881,0.00000,0.00000,0.00000,0.00000,-0.33000,0.00000,0.00000,0.55000,-0.20000,0.00000,-0.33000,0.00000,0.00000,0.55000,-0.20000,0.00000,0.00000,0.00000,0.15000,0.00000,0.00000,0.00000,-1.25001,-0.27931,0.00000,0.81897,0.00000
0.00000,0.76881,0.00000,0.00000,0.00000,0.00000,-0.33000,0.00000,0.00000,0.55000,-0.20000,0.00000,-0.33000,0.00000,0.00000,0.55000,-0.20000,0.00000,0.00000,0.00000,0.15000,0.00000,0.00000,0.00000,-1.20691,-0.27485,0.00000,0.79073,0.00000
0.00000,0.76881,0.00000,0.00000,0.00000,0.00000,-0.33000,0.00000,0.00000,0.55000,-0.20000,0.00000,-0.33000,0.00000,0.00000,0.55000,-0.20000,0.00000,0.00000,0.00000,0.15000,0.00000,0.00000,0.00000,-1.16084,-0.27009,0.00000,0.76055,0.00000
0.00000,0.76881,0.00000,0.00000,0.00000,0.00000,-0.33000,0.00000,0.00000,0.55000,-0.20000,0.00000,-0.33000,0.00000,0.00000,0.55000,-0.20000,0.00000,0.00000,0.00000,0.15000,0.00000,0.00000,0.00000,-1.11214,-0.26505,0.00000,0.72864,0.00000
0.00000,0.76881,0.00000,0.00000,0.00000,0.00000,-0.33000,0.00000,0.00000,0.55000,-0.20000,0.00000,-0.33000,0.00000,0.00000,0.55000,-0.20000,0.00000,0.00000,0.00000,0.15000,0.00000,0.00000,0.00000,-1.06112,-0.25977,0.00000,0.69522,0.00000
0.00000,0.76881,0.00000,0.00000,0.00000,0.00000,-0.33000,0.00000,0.00000,0.55000,-0.20000,0.00000,-0.33000,0.00000,0.00000,0.55000,-0.20000,0.00000,0.00000,0.00000,0.15000,0.00000,0.00000,0.00000,-1.00813,-0.25429,0.00000,0.66050,0.00000
0.00000,0.76881,0.00000,0.00000,0.00000,0.00000,-0.33000,0.00000,0.00000,0.55000,-0.20000,0.00000,-0.33000,0.00000,0.00000,0.55000,-0.20000,0.00000,0.00000,0.00000,0.15000,0.00000,0.00000,0.00000,-0.95348,-0.24864,0.00000,0.62469,0.00000
0.00000,0.76881,0.00000,0.00000,0.00000,0.00000,-0.33000,0.00000,0.00000,0.55000,-0.20000,0.00000,-0.33000,0.00000,0.00000,0.55000,-0.20000,0.00000,0.00000,0.00000,0.15000,0.00000,0.00000,0.00000,-0.89752,-0.24285,0.00000,0.58803,0.00000
0.00000,0.76881,0.00000,0.00000,0.00000,0.00000,-0.33000,0.00000,0.00000,0.55000,-0.20000,0.00000,-0.33000,0.00000,0.00000,0.55000,-0.20000,0.00000,0.00000,0.00000,0.15000,0.00000,0.00000,0.00000,-0.84056,-0.23695,0.00000,0.55071,0.00000
0.00000,0.76881,0.00000,0.00000,0.00000,0.00000,-0.33000,0.00000,0.00000,0.55000,-0.20000,0.00000,-0.33000,0.00000,0.00000,0.55000,-0.20000,0.00000,0.00000,0.00000,0.15000,0.00000,0.00000,0.00000,-0.78295,-0.23099,0.00000,0.51296,0.00000
0.00000,0.76881,0.00000,0.00000,0.00000,0.00000,-0.33000,0.00000,0.00000,0.55000,-0.20000,0.00000,-0.33000,0.00000,0.00000,0.55000,-0.20000,0.00000,0.00000,0.00000,0.15000,0.00000,0.00000,0.00000,-0.72500,-0.22500,0.00000,0.47500,0.00000
0.00000,0.76881,0.00000,0.00000,0.00000,0.00000,-0.33000,0.00000,0.00000,0.55000,-0.20000,0.00000,-0.33000,0.00000,0.00000,0.55000,-0.20000,0.00000,0.00000,0.00000,0.15000,0.00000,0.00000,0.00000,-0.66705,-0.21901,0.00000,0.43704,0.00000
0.00000,0.76881,0.00000,0.00000,0.00000,0.00000,-0.33000,0.00000,0.00000,0.55000,-0.20000,0.00000,-0.33000,0.00000,0.00000,0.55000,-0.20000,0.00000,0.00000,0.00000,0.15000,0.00000,0.00000,0.00000,-0.60944,-0.21305,0.00000,0.39929,0.00000
0.00000,0.76881,0.00000,0.00000,0.00000,0.00000,-0.33000,0.00000,0.00000,0.55000,-0.20000,0.00000,-0.33000,0.00000,0.00000,0.55000,-0.20000,0.00000,0.00000,0.00000,0.15000,0.00000,0.00000,0.00000,-0.55248,-0.20715,0.00000,0.36197,0.00000
0.00000,0.76881,0.00000,0.00000,0.00000,0.00000,-0.33000,0.00000,0.00000,0.55000,-0.20000,0.00000,-0.33000,0.00000,0.00000,0.55000,-0.20000,0.00000,0.00000,0.00000,0.15000,0.00000,0.00000,0.00000,-0.49652,-0.20136,0.00000,0.32531,0.00000
0.00000,0.76881,0.00000,0.00000,0.00000,0.00000,-0.33000,0.00000,0.00000,0.55000,-0.20000,0.00000,-0.33000,0.00000,0.00000,0.55000,-0.20000,0.00000,0.00000,0.00000,0.15000,0.00000,0.00000,0.00000,-0.44187,-0.19571,0.00000,0.28950,0.00000
0.00000,0.76881,0.00000,0.00000,0.00000,0.00000,-0.33000,0.00000,0.00000,0.55000,-0.20000,0.00000,-0.33000,0.00000,0.00000,0.55000,-0.20000,0.00000,0.00000,0.00000,0.15000,0.00000,0.00000,0.00000,-0.38888,-0.19023,0.00000,0.25478,0.00000
0.00000,0.76881,0.00000,0.00000,0.00000,0.00000,-0.33000,0.00000,0.00000,0.55000,-0.20000,0.00000,-0.33000,0.00000,0.00000,0.55000,-0.20000,0.00000,0.00000,0.00000,0.15000,0.00000,0.00000,0.00000,-0.33786,-0.18495,0.00000,0.22136,0.00000
0.00000,0.76881,0.00000,0.00000,0.00000,0.00000,-0.33000,0.00000,0.00000,0.55000,-0.20000,0.00000,-0.33000,0.00000,0.00000,0.55000,-0.20000,0.00000,0.00000,0.00000,0.15000,0.00000,0.00000,0.00000,-0.28916,-0.17991,0.00000,0.18945,0.00000
0.00000,0.76881,0.00000,0.00000,0.00000,0.00000,-0.33000,0.00000,0.00000,0.55000,-0.20000,0.00000,-0.33000,0.00000,0.00000,0.55000,-0.20000,0.00000,0.00000,0.00000,0.15000,0.00000,0.00000,0.00000,-0.24309,-0.17515,0.00000,0.15927,0.00000
0.00000,0.76881,0.00000,0.00000,0.00000,0.00000,-0.33000,0.00000,0.00000,0.55000,-0.20000,0.00000,-0.33000,0.00000,0.00000,0.55000,-0.20000,0.00000,0.00000,0.00000,0.15000,0.00000,0.00000,0.00000,-0.19999,-0.17069,0.00000,0.13103,0.00000
0.00000,0.76881,0.00000,0.00000,0.00000,0.00000,-0.33000,0.00000,0.00000,0.55000,-0.20000,0.00000,-0.33000,0.00000,0.00000,0.55000,-0.20000,0.00000,0.00000,0.00000,0.15000,0.00000,0.00000,0.00000,-0.16020,-0.16657,0.00000,0.10496,0.00000
0.00000,0.76881,0.00000,0.00000,0.00000,0.00000,-0.33000,0.00000,0.00000,0.55000,-0.20000,0.00000,-0.33000,0.00000,0.00000,0.55000,-0.20000,0.00000,0.00000,0.00000,0.15000,0.00000,0.00000,0.00000,-0.12403,-0.16283,0.00000,0.08126,0.00000
0.00000,0.76881,0.00000,0.00000,0.00000,0.00000,-0.33000,0.00000,0.00000,0.55000,-0.20000,0.00000,-0.33000,0.00000,0.00000,0.55000,-0.20000,0.00000,0.00000,0.00000,0.15000,0.00000,0.00000,0.00000,-0.09182,-0.15950,0.00000,0.06016,0.00000
0.00000,0.76881,0.00000,0.00000,0.00000,0.00000,-0.33000,0.00000,0.00000,0.55000,-0.20000,0.00000,-0.33000,0.00000,0.00000,0.55000,-0.20000,0.00000,0.00000,0.00000,0.15000,0.00000,0.00000,0.00000,-0.06390,-0.15661,0.00000,0.04187,0.00000
0.00000,0.76881,0.00000,0.00000,0.00000,0.00000,-0.33000,0.00000,0.00000,0.55000,-0.20000,0.00000,-0.33000,0.00000,0.00000,0.55000,-0.20000,0.00000,0.00000,0.00000,0.15000,0.00000,0.00000,0.00000,-0.04060,-0.15420,0.00000,0.02660,0.00000
0.00000,0.76881,0.00000,0.00000,0.00000,0.00000,-0.33000,0.00000,0.00000,0.55000,-0.20000,0.00000,-0.33000,0.00000,0.00000,0.55000,-0.20000,0.00000,0.00000,0.00000,0.15000,0.00000,0.00000,0.00000,-0.02225,-0.15230,0.00000,0.01458,0.00000
0.00000,0.76881,0.00000,0.00000,0.00000,0.00000,-0.33000,0.00000,0.00000,0.55000,-0.20000,0.00000,-0.33000,0.00000,0.00000,0.55000,-0.20000,0.00000,0.00000,0.00000,0.15000,0.00000,0.00000,0.00000,-0.00918,-0.15095,0.00000,0.00601,0.00000
0.00000,0.76881,0.00000,0.00000,0.00000,0.00000,-0.33000,0.00000,0.00000,0.55000,-0.20000,0.00000,-0.33000,0.00000,0.00000,0.55000,-0.20000,0.00000,0.00000,0.00000,0.15000,0.00000,0.00000,0.00000,-0.00172,-0.15018,0.00000,0.00112,0.00000
0.00000,0.76881,0.00000,0.00000,0.00000,0.00000,-0.33000,0.00000,0.00000,0.55000,-0.20000,0.00000,-0.33000,0.00000,0.00000,0.55000,-0.20000,0.00000,0.00000,0.00000,0.15000,0.00000,0.00000,0.00000,0.00000,-0.15000,0.00000,0.00000,0.00000
0.00000,0.76881,0.00000,0.00000,0.00000,0.00000,-0.33000,0.00000,0.00000,0.55000,-0.20000,0.00000,-0.33000,0.00000,0.00000,0.55000,-0.20000,0.00000,0.00000,0.00000,0.15000,0.00000,0.00000,0.00000,0.00000,-0.15000,0.00000,0.00000,0.00000
0.00000,0.76881,0.00000,0.00000,0.00000,0.00000,-0.33000,0.00000,0.00000,0.55000,-0.20000,0.00000,-0.33000,0.00000,0.00000,0.55000,-0.20000,0.00000,0.00000,0.00000,0.15000,0.00000,0.00000,0.00000,0.00000,-0.15000,0.00000,0.00000,0.00000
0.00000,0.76881,0.00000,0.00000,0.00000,0.00000,-0.33000,0.00000,0.00000,0.55000,-0.20000,0.00000,-0.33000,0.00000,0.00000,0.55000,-0.20000,0.00000,0.00000,0.00000,0.15000,0.00000,0.00000,0.00000,0.00000,-0.15000,0.00000,0.00000,0.00000
0.00000,0.76881,0.00000,0.00000,0.00000,0.00000,-0.33000,0.00000,0.00000,0.55000,-0.20000,0.00000,-0.33000,0.00000,0.00000,0.55000,-0.20000,0.00000,0.00000,0.00000,0.15000,0.00000,0.00000,0.00000,0.00000,-0.15000,0.00000,0.00000,0.00000
0.00000,0.76881,0.00000,0.00000,0.00000,0.00000,-0.33000,0.00000,0.00000,0.55000,-0.20000,0.00000,-0.33000,0.00000,0.00000,0.55000,-0.20000,0.00000,0.00000,0.00000,0.15000,0.00000,0.00000,0.00000,0.00000,-0.15000,0.00000,0.00000,0.00000
0.00000,0.76881,0.00000,0.00000,0.00000,0.00000,-0.33000,0.00000,0.00000,0.55000,-0.20000,0.00000,-0.33000,0.00000,0.00000,0.55000,-0.20000,0.00000,0.00000,0.00000,0.15000,0.00000,0.00000,0.00000,0.00000,-0.15000,0.00000,0.00000,0.00000
0.00000,0.76881,0.00000,0.00000,0.00000,0.00000,-0.33000,0.00000,0.00000,0.55000,-0.20000,0.00000,-0.33000,0.00000,0.00000,0.55000,-0.20000,0.00000,0.00000,0.00000,0.15000,0.00000,0.00000,0.00000,0.00000,-0.15000,0.00000,0.00000,0.00000
0.00000,0.76881,0.00000,0.00000,0.00000,0.00000,-0.33000,0.00000,0.00000,0.55000,-0.20000,0.00000,-0.33000,0.00000,0.00000,0.55000,-0.20000,0.00000,0.00000,0.00000,0.15000,0.00000,0.00000,0.00000,0.00000,-0.15000,0.00000,0.00000,0.00000
0.00000,0.76881,0.00000,0.00000,0.00000,0.00000,-0.33000,0.00000,0.00000,0.55000,-0.20000,0.00000,-0.33000,0.00000,0.00000,0.55000,-0.20000,0.00000,0.00000,0.00000,0.15000,0.00000,0.00000,0.00000,0.00000,-0.15000,0.00000,0.00000,0.00000
0.00000,0.76881,0.00000,0.00000,0.00000,0.00000,-0.33000,0.00000,0.00000,0.55000,-0.20000,0.00000,-0.33000,0.00000,0.00000,0.55000,-0.20000,0.00000,0.00000,0.00000,0.15000,0.00000,0.00000,0.00000,0.00000,-0.15000,0.00000,0.00000,0.00000
0.00000,0.76881,0.00000,0.00000,0.00000,0.00000,-0.33000,0.00000,0.00000,0.55000,-0.20000,0.00000,-0.33000,0.00000,0.00000,0.55000,-0.20000,0.00000,0.00000,0.00000,0.15000,0.00000,0.00000,0.00000,0.00000,-0.15000,0.00000,0.00000,0.00000
0.00000,0.76881,0.00000,0.00000,0.00000,0.00000,-0.33000,0.00000,0.00000,0.55000,-0.20000,0.00000,-0.33000,0.00000,0.00000,0.55000,-0.20000,0.00000,0.00000,0.00000,0.15000,0.00000,0.00000,0.00000,0.00000,-0.15000,0.00000,0.00000,0.00000
0.00000,0.76881,0.00000,0.00000,0.00000,0.00000,-0.33000,0.00000,0.00000,0.55000,-0.20000,0.00000,-0.33000,0.00000,0.00000,0.55000,-0.20000,0.00000,0.00000,0.00000,0.15000,0.00000,0.00000,0.00000,0.00000,-0.15000,0.00000,0.00000,0.00000
0.00000,0.76881,0.00000,0.00000,0.00000,0.00000,-0.33000,0.00000,0.00000,0.55000,-0.20000,0.00000,-0.33000,0.00000,0.00000,0.55000,-0.20000,0.00000,0.00000,0.00000,0.15000,0.00000,0.00000,0.00000,0.00000,-0.15000,0.00000,0.00000,0.00000
0.00000,0.76881,0.00000,0.00000,0.00000,0.00000,-0.33000,0.00000,0.00000,0.55000,-0.20000,0.00000,-0.33000,0.00000,0.00000,0.55000,-0.20000,0.00000,0.00000,0.00000,0.15000,0.00000,0.00000,0.00000,0.00000,-0.15000,0.00000,0.00000,0.00000
0.00000,0.76881,0.00000,0.00000,0.00000,0.00000,-0.33000,0.00000,0.00000,0.55000,-0.20000,0.00000,-0.33000,0.00000,0.00000,0.55000,-0.20000,0.00000,0.00000,0.00000,0.15000,0.00000,0.00000,0.00000,0.00000,-0.15000,0.00000,0.00000,0.00000
0.00000,0.76881,0.00000,0.00000,0.00000,0.00000,-0.33000,0.00000,0.00000,0.55000,-0.20000,0.00000,-0.33000,0.00000,0.00000,0.55000,-0.20000,0.00000,0.00000,0.00000,0.15000,0.00000,0.00000,0.00000,0.00000,-0.15000,0.00000,0.00000,0.00000
0.00000,0.76881,0.00000,0.00000,0.00000,0.00000,-0.33000,0.00000,0.00000,0.55000,-0.20000,0.00000,-0.33000,0.00000,0.00000,0.55000,-0.20000,0.00000,0.00000,0.00000,0.15000,0.00000,0.00000,0.00000,0.00000,-0.15000,0.00000,0.00000,0.00000
0.00000,0.76881,0.00000,0.00000,0.00000,0.00000,-0.33000,0.00000,0.00000,0.55000,-0.20000,0.00000,-0.33000,0.00000,0.00000,0.55000,-0.20000,0.00000,0.00000,0.00000,0.15000,0.00000,0.00000,0.00000,0.00000,-0.15000,0.00000,0.00000,0.00000
0.00000,0.76881,0.00000,0.00000,0.00000,0.00000,-0.33000,0.00000,0.00000,0.55000,-0.20000,0.00000,-0.33000,0.00000,0.00000,0.55000,-0.20000,0.00000,0.00000,0.00000,0.15000,0.00000,0.00000,0.00000,0.00000,-0.15000,0.00000,0.00000,0.00000
0.00000,0.76881,0.00000,0.00000,0.00000,0.00000,-0.33000,0.00000,0.00000,0.55000,-0.20000,0.00000,-0.33000,0.00000,0.00000,0.55000,-0.20000,0.00000,0.00000,0.00000,0.15000,0.00000,0.00000,0.00000,0.00000,-0.15000,0.00000,0.00000,0.00000
0.00000,0.76881,0.00000,0.00000,0.00000,0.00000,-0.33000,0.00000,0.00000,0.55000,-0.20000,0.00000,-0.33000,0.00000,0.00000,0.55000,-0.20000,0.00000,0.00000,0.00000,0.15000,0.00000,0.00000,0.00000,0.00000,-0.15000,0.00000,0.00000,0.00000
0.00000,0.76881,0.00000,0.00000,0.00000,0.00000,-0.33000,0.00000,0.00000,0.55000,-0.20000,0.00000,-0.33000,0.00000,0.00000,0.55000,-0.20000,0.00000,0.00000,0.00000,0.15000,0.00000,0.00000,0.00000,0.00000,-0.15000,0.00000,0.00000,0.00000
0.00000,0.76881,0.00000,0.00000,0.00000,0.00000,-0.33000,0.00000,0.00000,0.55000,-0.20000,0.00000,-0.33000,0.00000,0.00000,0.55000,-0.20000,0.00000,0.00000,0.00000,0.15000,0.00000,0.00000,0.00000,0.00000,-0.15000,0.00000,0.00000,0.00000
0.00000,0.76881,0.00000,0.00000,0.00000,0.00000,-0.33000,0.00000,0.00000,0.55000,-0.20000,0.00000,-0.33000,0.00000,0.00000,0.55000,-0.20000,0.00000,0.00000,0.00000,0.15000,0.00000,0.00000,0.00000,0.00000,-0.15000,0.00000,0.00000,0.00000
0.00000,0.76881,0.00000,0.00000,0.00000,0.00000,-0.33000,0.00000,0.00000,0.55000,-0.20000,0.00000,-0.33000,0.00000,0.00000,0.55000,-0.20000,0.00000,0.00000,0.00000,0.15000,0.00000,0.00000,0.00000,0.00000,-0.15000,0.00000,0.00000,0.00000
0.00000,0.76881,0.00000,0.00000,0.00000,0.00000,-0.33000,0.00000,0.00000,0.55000,-0.20000,0.00000,-0.33000,0.00000,0.00000,0.55000,-0.20000,0.00000,0.00000,0.00000,0.15000,0.00000,0.00000,0.00000,0.00000,-0.15000,0.00000,0.00000,0.00000
0.00000,0.76881,0.00000,0.00000,0.00000,0.00000,-0.33000,0.00000,0.00000,0.55000,-0.20000,0.00000,-0.33000,0.00000,0.00000,0.55000,-0.20000,0.00000,0.00000,0.00000,0.15000,0.00000,0.00000,0.00000,0.00000,-0.15000,0.00000,0.00000,0.00000
0.00000,0.76881,0.00000,0.00000,0.00000,0.00000,-0.33000,0.00000,0.00000,0.55000,-0.20000,0.00000,-0.33000,0.00000,0.00000,0.55000,-0.20000,0.00000,0.00000,0.00000,0.15000,0.00000,0.00000,0.00000,0.00000,-0.15000,0.00000,0.00000,0.00000
0.00000,0.76881,0.00000,0.00000,0.00000,0.00000,-0.33000,0.00000,0.00000,0.55000,-0.20000,0.00000,-0.33000,0.00000,0.00000,0.55000,-0.20000,0.00000,0.00000,0.00000,0.15000,0.00000,0.00000,0.00000,0.00000,-0.15000,0.00000,0.00000,0.00000
0.00000,0.76881,0.00000,0.00000,0.00000,0.00000,-0.33000,0.00000,0.00000,0.55000,-0.20000,0.00000,-0.33000,0.00000,0.00000,0.55000,-0.20000,0.00000,0.00000,0.00000,0.15000,0.00000,0.00000,0.00000,0.00000,-0.15000,0.00000,0.00000,0.00000
0.00000,0.76881,0.00000,0.00000,0.00000,0.00000,-0.33000,0.00000,0.00000,0.55000,-0.20000,0.00000,-0.33000,0.00000,0.00000,0.55000,-0.20000,0.00000,0.00000,0.00000,0.15000,0.00000,0.00000,0.00000,0.00000,-0.15000,0.00000,0.00000,0.00000
0.00000,0.76881,0.00000,0.00000,0.00000,0.00000,-0.33000,0.00000,0.00000,0.55000,-0.20000,0.00000,-0.33000,0.00000,0.00000,0.55000,-0.20000,0.00000,0.00000,0.00000,0.15000,0.00000,0.00000,0.00000,0.00000,-0.15000,0.00000,0.00000,0.00000
0.00000,0.76881,0.00000,0.00000,0.00000,0.00000,-0.33000,0.00000,0.00000,0.55000,-0.20000,0.00000,-0.33000,0.00000,0.00000,0.55000,-0.20000,0.00000,0.00000,0.00000,0.15000,0.00000,0.00000,0.00000,0.00000,-0.15000,0.00000,0.00000,0.00000
0.00000,0.76881,0.00000,0.00000,0.00000,0.00000,-0.33000,0.00000,0.00000,0.55000,-0.20000,0.00000,-0.33000,0.00000,0.00000,0.55000,-0.20000,0.00000,0.00000,0.00000,0.15000,0.00000,0.00000,0.00000,0.00000,-0.15000,0.00000,0.00000,0.00000
0.00000,0.76881,0.00000,0.00000,0.00000,0.00000,-0.33000,0.00000,0.00000,0.55000,-0.20000,0.00000,-0.33000,0.00000,0.00000,0.55000,-0.20000,0.00000,0.00000,0.00000,0.15000,0.00000,0.00000,0.00000,0.00000,-0.15000,0.00000,0.00000,0.00000
0.00000,0.76881,0.00000,0.00000,0.00000,0.00000,-0.33000,0.00000,0.00000,0.55000,-0.20000,0.00000,-0.33000,0.00000,0.00000,0.55000,-0.20000,0.00000,0.00000,0.00000,0.15000,0.00000,0.00000,0.00000,0.00000,-0.15000,0.00000,0.00000,0.00000
0.00000,0.76881,0.00000,0.00000,0.00000,0.00000,-0.33000,0.00000,0.00000,0.55000,-0.20000,0.00000,-0.33000,0.00000,0.00000,0.55000,-0.20000,0.00000,0.00000,0.00000,0.15000,0.00000,0.00000,0.00000,0.00000,-0.15000,0.00000,0.00000,0.00000
0.00000,0.76881,0.00000,0.00000,0.00000,0.00000,-0.33000,0.00000,0.00000,0.55000,-0.20000,0.00000,-0.33000,0.00000,0.00000,0.55000,-0.20000,0.00000,0.00000,0.00000,0.15000,0.00000,0.00000,0.00000,0.00000,-0.15000,0.00000,0.00000,0.00000
0.00000,0.76881,0.00000,0.00000,0.00000,0.00000,-0.33000,0.00000,0.00000,0.55000,-0.20000,0.00000,-0.33000,0.00000,0.00000,0.55000,-0.20000,0.00000,0.00000,0.00000,0.15000,0.00000,0.00000,0.00000,0.00000,-0.15000,0.00000,0.00000,0.00000
0.00000,0.76881,0.00000,0.00000,0.00000,0.00000,-0.33000,0.00000,0.00000,0.55000,-0.20000,0.00000,-0.33000,0.00000,0.00000,0.55000,-0.20000,0.00000,0.00000,0.00000,0.15000,0.00000,0.00000,0.00000,0.00000,-0.15000,0.00000,0.00000,0.00000
0.00000,0.76881,0.00000,0.00000,0.00000,0.00000,-0.33000,0.00000,0.00000,0.55000,-0.20000,0.00000,-0.33000,0.00000,0.00000,0.55000,-0.20000,0.00000,0.00000,0.00000,0.15000,0.00000,0.00000,0.00000,0.00000,-0.15000,0.00000,0.00000,0.00000
0.00000,0.76881,0.00000,0.00000,0.00000,0.00000,-0.33000,0.00000,0.00000,0.55000,-0.20000,0.00000,-0.33000,0.00000,0.00000,0.55000,-0.20000,0.00000,0.00000,0.00000,0.15000,0.00000,0.00000,0.00000,0.00000,-0.15000,0.00000,0.00000,0.00000
0.00000,0.76881,0.00000,0.00000,0.00000,0.00000,-0.33000,0.00000,0.00000,0.55000,-0.20000,0.00000,-0.33000,0.00000,0.00000,0.55000,-0.20000,0.00000,0.00000,0.00000,0.15000,0.00000,0.00000,0.00000,0.00000,-0.15000,0.00000,0.00000,0.00000
0.00000,0.76881,0.00000,0.00000,0.00000,0.00000,-0.33000,0.00000,0.00000,0.55000,-0.20000,0.00000,-0.33000,0.00000,0.00000,0.55000,-0.20000,0.00000,0.00000,0.00000,0.15000,0.00000,0.00000,0.00000,0.00000,-0.15000,0.00000,0.00000,0.00000
0.00000,0.76881,0.00000,0.00000,0.00000,0.00000,-0.33000,0.00000,0.00000,0.55000,-0.20000,0.00000,-0.33000,0.00000,0.00000,0.55000,-0.20000,0.00000,0.00000,0.00000,0.15000,0.00000,0.00000,0.00000,0.00000,-0.15000,0.00000,0.00000,0.00000
0.00000,0.76881,0.00000,0.00000,0.00000,0.00000,-0.33000,0.00000,0.00000,0.55000,-0.20000,0.00000,-0.33000,0.00000,0.00000,0.55000,-0.20000,0.00000,0.00000,0.00000,0.15000,0.00000,0.00000,0.00000,0.00000,-0.15000,0.00000,0.00000,0.00000
0.00000,0.76881,0.00000,0.00000,0.00000,0.00000,-0.33000,0.00000,0.00000,0.55000,-0.20000,0.00000,-0.33000,0.00000,0.00000,0.55000,-0.20000,0.00000,0.00000,0.00000,0.15000,0.00000,0.00000,0.00000,0.00000,-0.15000,0.00000,0.00000,0.00000
0.00000,0.76881,0.00000,0.00000,0.00000,0.00000,-0.33000,0.00000,0.00000,0.55000,-0.20000,0.00000,-0.33000,0.00000,0.00000,0.55000,-0.20000,0.00000,0.00000,0.00000,0.15000,0.00000,0.00000,0.00000,0.00000,-0.15000,0.00000,0.00000,0.00000
